sample|SCNA_k5|miRNA_k3|methylation_k5|mRNA_k4|RPPA_k4|PARADIGM_k3|age_at_diagnosis|race|ethnicity|two-class updated 20160629|multiclass updated 20160629|Seminoma % |Embryonal carcinoma %|Yolk sac tumor %|Mature %|Immature %|Choriocarcinoma %|history_of_undescended_testis|Family_History_Testicular_Cancer|Family_History_ Any_Cancer|New_Primary_tumor|purity|ploidy|Genome doublings|Cancer DNA fraction|Subclonal genome fraction|AverageCpH|AverageCpG at CGI|AverageCpG at nonCGI|CpH Methylation Mode|leukocyte infiltration|KIT|KRAS|NRAS|PIK3CA|q2020cov|#Silent|#Nonsilent|#Total|Silent (per Mb)|Nonsilent (Per Mb)|Total (Per Mb)|C:G>A:T %|C:G>G:C %|C:G>T:A %|T:A>A:T %|T:A>C:G %|T:A>G:C %|INDEL %|DNM %|KRAS_mut|KRAS_mut_multiplicity|KRAS_copies|KRAS_expr|KIT_mut|KIT_copies|KIT_mut_multiplicity|KIT_expr|c-Kit|NRAS_mut|NRAS_copies|NRAS_expr|MDM2_copies|MDM2_expr|CBL_copies|CBL_expr|PIK3CA_copies|PIK3CA_mut|PIK3CB_copies|PIK3CB_mut|PIK3CD_copies|PIK3CD_mut|iso_12|12p_copies|12p_a1|12p_a2|12q_a1|12q_a2
TCGA-2G-AAEW-01|1|1|Sem-MC|1|1|1|31|WHITE|NOT HISPANIC OR LATINO|seminoma|seminoma|100||||||Yes; bilateral|NO|NO|No|0.42|3.77|1|0.58|0.02|0.053354316|0.122712546|0.316370425|0.025786066|0.333|0|1|0|0|34355739|2|13|15|0.1455360922|0.3492866214|0.4366082767|0.266666667|0.133333333|0.2|0.066666667|0.2|0.066666667|0.066666667|0|p.G12V|3|6|1638.1813|0|3|no call|8146.6061|2.484142933|0|3|1394.3748|4|4242.6045|3|5266.4678|4|0|4|0|3|p.C416R|True|6|2|4|2|2
TCGA-2G-AAEX-01|1|1|Sem-MC|1|1|1|38|WHITE|NOT HISPANIC OR LATINO|seminoma|seminoma|100||||||Yes; left testicle only|NO|NO|No|0.41|3.28|1|0.53|0.05|0.063196447|0.12873018|0.351907682|0.029930151|0.32|0|0|0|1|34610321|7|19|26|0.1733586926|0.3756105007|0.7512210014|0.076923077|0.153846154|0.384615385|0.038461538|0.153846154|0.076923077|0.115384615|0|0|no call|10|5378.9731|0|3|no call|687.0416|0.047978382|0|3|1278.2396|4|2786.7971|2|1355.9902|3|p.E545K|3|0|3|0|True|10|2|8|2|2
TCGA-2G-AAF1-01|1|1|Sem-MC|1|1|1|28|ASIAN|NOT HISPANIC OR LATINO|seminoma|seminoma|100||||||Yes; right testicle only|NO|YES|No|0.18|3.23|1|0.26|0.23|0.052070359|0.14613292|0.428916913|0.027123991|0.543|1|0|0|0|34430504|3|6|9|0.1452200642|0.2033080898|0.2613961155|0.111111111|0.111111111|0.333333333|0.111111111|0.333333333|0|0|0|0|no call|4|1390.0737|p.D816Y|4|3|11929.4399|2.148847417|0|3|1604.5445|4|5288.0207|3|4852.3022|3|0|3|0|3|0|False|4|2|2|2|2
TCGA-2G-AAF4-01|1|1|Sem-MC|1|1|1|30|WHITE|NOT HISPANIC OR LATINO|seminoma|seminoma|100||||||Yes; left testicle only|NO|[Unknown]|No|0.42|3.5|1|0.56|0.11|0.065870705|0.140538338|0.392278675|0.032559182|0.418|0|1|0|0|34473230|4|7|11|0.0870240474|0.1740480947|0.3190881736|0.272727273|0.181818182|0.090909091|0.090909091|0.090909091|0.090909091|0.181818182|0|p.Q61L|1|5|2327.8029|0|2|no call|3576.6717|1.445253967|0|3|1364.002|5|2526.3952|1|1392.1569|4|0|4|0|3|0|False|6|3|3|2|3
TCGA-2G-AAF6-01|2|1|Sem-MC|1|1|1|28|WHITE|NOT HISPANIC OR LATINO|seminoma|seminoma|100||||||No|NO|NO|No|0.57|2.71|1|0.64|0.03|0.064302467|0.120949042|0.340325701|0.028907076|0.272|0|1|0|0|34328737|4|16|20|0.1456505668|0.4660818136|0.582602267|0.25|0.1|0.15|0.1|0.15|0.1|0.15|0|p.G12V|1|4|1537.9717|0|2|no call|7273.0457|1.87174136|0|2|1130.3932|3|2101.2578|1|1037.7328|3|0|3|0|2|0|False|4|2|2|1|2
TCGA-2G-AAF8-01|3|1|Sem-HC|1|1|1|33|WHITE|NOT HISPANIC OR LATINO|seminoma|seminoma|100||||||No|YES|YES|Yes|0.45|3.07|1|0.55|0.07|0.07120371|0.145402413|0.456725882|0.037904215|0.345|0|0|0|0|33247548|7|7|14|0.1804644361|0.3007740601|0.4210836841|0.285714286|0.214285714|0.428571429|0|0|0.071428571|0|0|0|no call|60+|26462.4122|0|3|no call|2942.46|1.625357363|0|3|1547.1529|5|2944.2535|1|966.6716|3|0|3|0|3|0|True|9|2|7|2|1
TCGA-2G-AAFG-01|1|1|Sem-HC|1|1|1|30|WHITE|NOT HISPANIC OR LATINO|seminoma|seminoma|100||||||No|YES|YES|Yes|0.45|2.94|1|0.54|0.02|0.062627737|0.150296708|0.427242086|0.037611793|0.469|0|0|0|0|34171089|0|14|14|0.0585290097|0.3219095534|0.409703068|0.285714286|0.357142857|0.142857143|0.142857143|0.071428571|0|0|0|0|no call|7|2548.5905|0|6|no call|9541.9139|1.930110544|0|3|1961.4243|3|2814.911|1|875|3|0|3|0|3|0|True|7|2|5|2|1
TCGA-2G-AAFH-01|2|1|Sem-HC|1||1|38|WHITE|NOT HISPANIC OR LATINO|seminoma|seminoma|100||||||Yes; left testicle only|NO|[Unknown]|No|0.41|3.09|1|0.52|0.04|0.069140254|0.143236178|0.397687785|0.030971653|0.297|0|0|0|0|34544269|7|18|25|0.1736901713|0.492122152|0.7237090471|0.12|0.16|0.52|0.08|0|0.04|0.08|0|0|no call|7|4297.2832|0|2|no call|2837.5131||0|3|1610.7628|5|2684.953|1|1152.0376|3|0|3|0|3|0|True|7|3|4|3|2
TCGA-2G-AAFI-01|4|3|CpH-High|2|2|3|41|WHITE|NOT HISPANIC OR LATINO|non-seminoma|embryonal dominant||70|30||||No|YES|YES|No|0.79|2.58|1|0.83|0.33|0.330963876|0.193320769|0.5634921|0.304017302|0.229|0|0|0|0|34591955|2|7|9|0.0578169115|0.2312676459|0.2601761016|0.222222222|0.111111111|0.444444444|0|0.111111111|0|0.111111111|0|0|no call|6|3931.0135|0|2|no call|485.7418|-0.325054986|0|3|2644.4816|3|6694.5246|2|1204.4775|2|0|3|0|4|0|True|6|1|5|1|2
TCGA-2G-AAFJ-01|3|2|Mixed|3|3|2|23|ASIAN|NOT HISPANIC OR LATINO|non-seminoma|mature teratoma dominant|||5|95|||No|YES|YES|No|0.91|2.83|1|0.94|0.14|0.091807869|0.222739529|0.629284069|0.042116892|0.071|0|0|0|0|34580819|7|13|20|0.2024243555|0.4626842412|0.5783553015|0.2|0.15|0.25|0.2|0.15|0|0.05|0|0|no call|7|2948.233|0|2|no call|544.0518|-0.609559101|0|3|2276.2568|3|1748.1334|2|919.3629|2|0|2|0|3|0|True|7|2|5|2|1
TCGA-2G-AAFL-01|3|3|CpH-High|2|2|3|35|WHITE|NOT HISPANIC OR LATINO|non-seminoma|embryonal||100|||||No|NO|NO|Yes|0.24|2.62|1|0.29|0.19|0.201022207|0.186324905|0.586407577|0.194653945|0.417|0|0|0|0|34493443|7|13|20|0.2319281378|0.3189011894|0.5798203444|0.1|0.05|0.6|0.05|0.1|0.05|0.05|0|0|no call|7|1831.0663|0|2|no call|161.2091|-0.631528885|0|3|1151.9731|3|2617.6322|2|923.5936|2|0|2|0|3|0|True|7|2|5|2|1
TCGA-2G-AAFM-01|5|3|CpH-High|2|2|3|31|WHITE|NOT HISPANIC OR LATINO|non-seminoma|embryonal||100|||||No|NO|[Unknown]|No|0.39|2.36|1|0.43|0.51|0.306913597|0.195064298|0.607472225|0.282441545|0.471|0|0|0|0|34454227|1|15|16|0.029024015|0.4063362095|0.4643842394|0.3125|0.0625|0.375|0|0.125|0|0.0625|0.0625|0|no call|6|1620.6642|0|2|no call|54.3173|-0.874800875|0|3|1591.7343|3|2198.6716|1|253.2841|2|0|2|0|3|0|True|6|5|1|1|1
TCGA-2G-AAFN-01|3|3|CpH-High|2|4|3|26|WHITE|NOT HISPANIC OR LATINO|non-seminoma|embryonal||100|||||No|NO|NO|No|0.8|3|1|0.86|0.21|0.426174537|0.181128038|0.575810157|0.42458566|0.154|0|0|0|0|34643525|3|11|14|0.0865962687|0.288654229|0.4041159207|0.214285714|0.285714286|0.285714286|0.071428571|0.071428571|0.071428571|0|0|0|no call|7|2188.2716|0|3|no call|139.6605|-0.596426298|0|4|2157.4074|4|3837.963|2|520.0617|3|0|3|0|4|0|True|7|2|5|2|2
TCGA-2G-AAFO-01|4|3|CpH-High|2||3|33|WHITE|NOT HISPANIC OR LATINO|non-seminoma|embryonal||100|||||No|NO|YES|No|0.24|2.84|1|0.31|0.42|0.234612222|0.185246931|0.571882847|0.24227479|0.425|0|0|0|0|34670856|2|10|12|0.0576853366|0.086528005|0.3461120198|0.166666667|0.083333333|0.416666667|0.166666667|0.166666667|0|0|0|0|no call|9|1859.7231|0|6|no call|1741.7219||0|4|1492.4744|3|4307.0439|2|497.2908|3|0|3|0|4|0|True|9|2|7|2|1
TCGA-2G-AAFV-01|4|2|Mixed|3||2|31|WHITE|NOT HISPANIC OR LATINO|non-seminoma|yolk sac|||100||||Yes; right testicle only|NO|NO|No|0.64|2.52|1|0.69|0.03|0.065207716|0.215696425|0.587159032|0.036204008|0.157|0|0|0|0|34510638|3|19|22|0.1159062895|0.4926017305|0.6374845924|0.090909091|0.136363636|0.409090909|0.045454545|0.136363636|0.090909091|0.090909091|0|0|no call|8|3440.0171|0|2|no call|3100.6855||0|2|2328.6204|3|1736.5039|2|1013.2819|3|0|3|0|2|0|True|8|2|6|2|1
TCGA-2G-AAFY-01|3|3|CpH-High|2|2|3|24|WHITE|NOT HISPANIC OR LATINO|non-seminoma|embryonal||100|||||No|NO|[Unknown]|No|0.29|3|1|0.38|0.16|0.298028392|0.199553049|0.614365439|0.287459521|0.471|0|0|0|0|34268154|4|8|12|0.0583632255|0.2042712893|0.3501793531|0.333333333|0|0.5|0.083333333|0.083333333|0|0|0|0|no call|9|2491.7799|0|2|no call|111.4586|-0.492932027|0|4|1898.0589|4|4958.0059|2|907.98|3|0|3|0|3|0|True|8|2|6|2|2
TCGA-2G-AAFZ-01|4|2|Mixed|3|3|2|32|WHITE|NOT HISPANIC OR LATINO|non-seminoma|non-seminoma- mixed (no dominant component)||25|50|25|||No|NO|NO|No|0.91|2.45|1|0.93|0.12|0.107813834|0.231157281|0.641757673|0.07382392|0.121|0|0|0|0|34390492|10|15|25|0.2326224353|0.5234004794|0.7269451103|0.12|0.16|0.52|0.12|0|0|0.04|0.04|0|no call|5|1978.8177|0|2|no call|1095.0739|-0.42769551|0|2|2147.2906|3|2290.6404|2|1245.8128|3|0|3|0|2|0|True|5|2|3|2|1
TCGA-2G-AAG0-01|3|3|CpH-High|2|4|3|23|WHITE|NOT HISPANIC OR LATINO|non-seminoma|embryonal dominant||85|15||||Yes; right testicle only|YES|YES|No|0.43|2.86|1|0.52|0.11|0.343210597|0.197276029|0.587221788|0.334050065|0.361|0|0|0|0|34010370|4|16|20|0.1176111874|0.5586531402|0.5880559371|0.25|0.2|0.35|0.05|0.05|0.05|0.05|0|0|no call|6|2815.9088|0|3|no call|229.5634|-0.64188071|0|3|2342.2723|4|5572.2244|2|979.9197|3|0|3|0|4|0|True|6|2|4|2|2
TCGA-2G-AAG3-01|5|2|Sem-HC|3|3|2|53|WHITE|NOT HISPANIC OR LATINO|non-seminoma|mature teratoma dominant|30|||70|||No|NO|NO|No|0.83|2.4|1|0.85|0.25|0.068984817|0.169015951|0.477987422|0.035743433|0.176|0|1|0|0|34174326|4|13|17|0.0877851987|0.1755703975|0.4974494596|0.411764706|0.176470588|0.294117647|0|0.117647059|0|0|0|p.Q61R|1|6|1984.8332|0|4|no call|13108.6957|1.839195512|0|2|1088.4732|2|3172.3964|2|2400.4044|2|0|2|0|2|0|True|6|1|5|1|1
TCGA-2G-AAG5-01|5|2|Mixed|3|2|2|36|WHITE|NOT HISPANIC OR LATINO|non-seminoma|mature teratoma||||100|||No|NO|NO|No|0.78|2.22|1|0.79|0|0.072287294|0.195565583|0.608961238|0.036427675|0.217|0|0|0|0|34293895|6|10|16|0.2332776723|0.2915970904|0.4665553446|0.0625|0.1875|0.375|0.0625|0.125|0|0.125|0.0625|0|no call|5|1740.8848|0|2|no call|758.8721|-0.756168169|0|2|993.194|3|1884.2975|2|742.3432|2|0|2|0|2|0|True|5|1|4|1|2
TCGA-2G-AAG6-01|4|2|Mixed|3|2|2|24|WHITE|NOT HISPANIC OR LATINO|non-seminoma|mature teratoma dominant||6|4|90|||Yes; left testicle only|NO|NO|No|0.76|2.63|1|0.8|0.09|0.098518907|0.220518585|0.617642434|0.043450415|0.215|0|0|0|0|34344029|3|8|11|0.1455857145|0.3202885719|0.3202885719|0.272727273|0.090909091|0.454545455|0|0.090909091|0|0.090909091|0|0|no call|5|1362.4913|0|3|no call|424.0728|0.04017365|0|2|1277.8167|3|1331.7005|2|847.4458|3|0|3|0|1|0|True|7|1|6|1|2
TCGA-2G-AAG7-01|3|3|CpH-High|2|4|3|33|WHITE|NOT HISPANIC OR LATINO|non-seminoma|non-seminoma- mixed (no dominant component)||30|30|40|||No|NO|NO|No|0.81|2.73|1|0.85|0.25|0.460959776|0.202895147|0.615958181|0.438853682|0.159|0|0|0|0|34201502|4|17|21|0.0877154459|0.5847696396|0.6140081216|0.238095238|0.142857143|0.238095238|0.047619048|0.285714286|0|0.047619048|0|0|no call|6|2521.3389|0|2|no call|306.2762|-0.658683943|0|3|2817.5732|3|4269.4561|1|800.8368|3|0|3|0|3|0|True|6|3|3|3|0
TCGA-2G-AAG8-01|5|3|CpH-High|2|2|3|21|WHITE|NOT HISPANIC OR LATINO|non-seminoma|embryonal||100|||||No|NO|NO|No|0.35|4.54|2|0.55|0.1|0.265418397|0.167882679|0.513651304|0.25720573|0.288|0|0|0|0|33949533|3|12|15|0.0883664585|0.2650993756|0.4418322927|0.266666667|0.066666667|0.333333333|0|0.266666667|0|0.066666667|0|0|no call|12|2356.9024|0|4|no call|370.7148|0.048544819|0|4|1480.2759|6|2837.4108|3|648.428|5|0|5|0|5|0|True|12|2|10|2|4
TCGA-2G-AAG9-01|3|1|Sem-MC|1|1|1|25|WHITE|NOT HISPANIC OR LATINO|seminoma|seminoma|100||||||Yes; left testicle only|NO|YES|No|0.55|2.82|1|0.64|0.06|0.067799037|0.125247335|0.317932016|0.030984011|0.36|1|1|0|0|34384925|7|13|20|0.1744950731|0.4653201948|0.5816502435|0.2|0.15|0.25|0.1|0.2|0.05|0.05|0|p.E63K|2|8|2953.0201|p.D816V|2|1|4045.8816|0.392323172|0|3|1437.4619|6|5102.6236|2|2087.1263|2|0|2|0|3|0|True|8|3|5|3|1
TCGA-2G-AAGA-01|3|3|CpH-High|2||3|38|WHITE|NOT HISPANIC OR LATINO|non-seminoma|embryonal||100|||||No|NO|YES|No|0.64|3.13|1|0.73|0.17|0.443725535|0.17749592|0.560715509|0.427986357|0.09|0|0|0|0|34296649|5|14|19|0.1166294701|0.4665178805|0.5539899831|0.105263158|0.315789474|0.473684211|0|0.052631579|0|0|0.052631579|0|no call|8|2457.7496|0|2|no call|223.0749||0|5|2805.3895|4|5060.4087|2|925.8499|4|0|4|0|4|0|True|8|3|5|3|1
TCGA-2G-AAGC-01|3|3|CpH-High|2|3|3|28|WHITE|NOT HISPANIC OR LATINO|non-seminoma|immature teratoma dominant|||20|10|70||No|NO|[Unknown]|No|0.66|2.99|1|0.75|0.22|0.197271064|0.202277376|0.585951014|0.193379255|0.289|0|0|0|0|34505385|2|14|16|0.0579619674|0.376752788|0.4636957391|0.125|0.0625|0.625|0.0625|0|0.0625|0.0625|0|0|no call|7|3097.1922|0|3|no call|349.46|-0.730174493|0|3|2674.2981|3|5650.54|2|1092.0086|3|0|3|0|3|0|True|7|1|6|1|2
TCGA-2G-AAGE-01|4|3|CpH-High|2||3|21|WHITE|NOT HISPANIC OR LATINO|non-seminoma|embryonal||100|||||No|YES|YES|No|0.82|2.72|1|0.86|0.37|0.338669248|0.182505965|0.555403757|0.335929291|0.122|0|0|0|0|34524481|3|15|18|0.1448247694|0.4344743082|0.5213691699|0.111111111|0.166666667|0.5|0.111111111|0.055555556|0|0.055555556|0|0|no call|7|3981.3864|0|2|no call|455.7125||0|3|2279.2041|3|4130.2953|2|1057.1245|2|0|2|0|3|0|True|7|2|5|2|1
TCGA-2G-AAGF-01|3|3|CpH-High|2|3|3|28|WHITE|NOT HISPANIC OR LATINO|non-seminoma|non-seminoma- mixed (no dominant component)||50||50|||Yes; left testicle only|NO|NO|No|0.83|2.84|1|0.87|0.38|0.377708688|0.19151291|0.597611481|0.347036012|0.144|0|0|0|0|34062175|4|7|11|0.1174323131|0.205506548|0.3229388611|0.181818182|0.181818182|0.363636364|0.090909091|0.090909091|0.090909091|0|0|0|no call|7|1995.4948|0|2|no call|186.2141|-0.629960438|0|4|1832.1069|3|3923.1116|2|572.4583|3|0|3|0|3|0|True|7|2|5|2|1
TCGA-2G-AAGG-01|4|2|Mixed|3|3|2|20|WHITE|NOT HISPANIC OR LATINO|non-seminoma|non-seminoma- mixed (no dominant component)||10|10|50|30||No|NO|YES|No|0.71|2.62|1|0.77|0.34|0.093335952|0.201120985|0.603239657|0.050700104|0.257|0|0|0|0|34177658|8|27|35|0.3511065621|0.672954244|1.024060806|0.257142857|0.114285714|0.542857143|0|0.028571429|0.057142857|0|0|0|no call|5|1773.3696|0|2|no call|542.3913|-0.566263974|0|2|1664.6739|3|1616.3043|2|612.5|3|0|3|0|3|0|True|6|2|4|2|1
TCGA-2G-AAGI-01|4|2|Mixed|3|2|2|33|WHITE|NOT HISPANIC OR LATINO|non-seminoma|mature teratoma dominant||10|10|60|20||No|NO|NO|Yes|0.83|2.49|1|0.86|0.05|0.137807382|0.207596378|0.632503168|0.101856254|0.14|0|0|0|0|34640121|3|9|12|0.0866047783|0.2598143349|0.3464191133|0.166666667|0.166666667|0.333333333|0|0.25|0.083333333|0|0|0|no call|5|2453.1868|0|2|no call|301.5219|-0.820235498|0|2|1954.1161|3|2787.0559|1|624.9937|3|0|3|0|2|0|True|5|2|3|2|1
TCGA-2G-AAGI-05|1|1|Sem-MC|1||1|33|WHITE|NOT HISPANIC OR LATINO|seminoma|seminoma|100||||||No|NO|NO|Yes|0.29|3.37|1|0.41|0.04|0.056423765|0.14506738|0.39540865|0.026835305|0.462|1|0|0|0|34684205|2|17|19|0|0.0864947027|0.5477997838|0.263157895|0.105263158|0.368421053|0.105263158|0.157894737|0|0|0|0|no call|6|2934.271|p.N822Y|7|1|16925.0744||0|3|1710.2155|4|2955.1889|2|1941.3939|4|0|4|0|3|0|True|6|2|4|2|2
TCGA-2G-AAGJ-01|3|3|CpH-High|2|2|3|28|BLACK OR AFRICAN AMERICAN|NOT HISPANIC OR LATINO|non-seminoma|embryonal||100|||||No|NO|NO|No|0.41|2.89|1|0.5|0.07|0.280863704|0.181677478|0.573475611|0.280934106|0.289|0|0|0|0|34516058|6|18|24|0.0289720222|0.2028041557|0.6953285338|0.25|0.083333333|0.375|0.083333333|0.125|0|0.083333333|0|0|no call|6|2585.6754|0|2|no call|396.8974|-0.662058181|0|2|1493.3011|4|4075.3501|3|1384.5069|4|0|4|0|4|0|True|6|1|5|2|2
TCGA-2G-AAGK-01|4|3|CpH-High|2|4|3|20|WHITE|NOT HISPANIC OR LATINO|non-seminoma|yolk sac dominant||40|60||||No|YES|YES|No|0.58|2.75|1|0.66|0.23|0.293068221|0.208853037|0.593619523|0.287661773|0.357|0|0|0|0|34456647|2|7|9|0.058043953|0.1741318591|0.2611977886|0.222222222|0.222222222|0.444444444|0|0|0|0.111111111|0|0|no call|7|3070.0689|0|2|no call|733.4953|-0.459838346|0|4|2846.9016|3|4919.4006|2|1059.5383|3|0|3|0|4|0|True|7|2|5|2|1
TCGA-2G-AAGM-01|4|2|Mixed|3|3|2|51|WHITE|NOT HISPANIC OR LATINO|non-seminoma|yolk sac dominant||40|60||||No|NO|NO|No|0.85|4.66|2|0.93|0.15|0.078678796|0.224395883|0.603011304|0.049908028|0.041|0|0|0|0|34555397|7|19|26|0.1736342372|0.4919636721|0.752415028|0.115384615|0.076923077|0.423076923|0.038461538|0.115384615|0.038461538|0.192307692|0|0|no call|14|3467.077|0|4|no call|1080.664|-0.283168046|0|5|2305.4165|6|2478.4933|4|1393.9926|5|0|5|0|4|0|True|14|4|10|4|2
TCGA-2G-AAGN-01|3|3|CpH-High|2|2|3|41|WHITE|NOT HISPANIC OR LATINO|non-seminoma|embryonal||100|||||No|NO|NO|No|0.52|2.95|1|0.62|0.13|0.25971249|0.173521887|0.504102373|0.240635611|0.285|0|0|0|0|34226507|3|0|3|0.1753027266|0.0876513633|0.0876513633|0|0|0.333333333|0|0.333333333|0|0.333333333|0|0|no call|9|3913.1925|0|2|no call|206.1679|-0.618394796|0|3|1989.1491|4|6419.189|2|782.4101|3|0|3|0|3|0|True|9|4|5|2|2
TCGA-2G-AAGO-01|3|3|CpH-High|2|2|3|41|WHITE|NOT HISPANIC OR LATINO|non-seminoma|embryonal||100|||||No|NO|[Unknown]|No|0.66|2.95|1|0.74|0.09|0.396185672|0.185144954|0.528685441|0.386260437|0.212|0|0|0|0|34220612|6|20|26|0.2337772334|0.5259987752|0.7597760087|0.192307692|0.038461538|0.5|0|0.076923077|0.076923077|0.115384615|0|0|no call|5|3428.8522|0|4|no call|793.6321|0.412260687|0|2|2161.5566|3|4542.8459|2|1114.3868|2|0|2|0|5|0|True|5|1|4|1|2
TCGA-2G-AAGP-01|4|2|CpH-High|3|2|2|33|WHITE|NOT HISPANIC OR LATINO|non-seminoma|mature teratoma dominant||10|10|70|10||No|NO|NO|No|0.36|2.67|1|0.43|0.11|0.101211417|0.199324665|0.603945603|0.075299517|0.456|0|0|0|0|34492565|6|17|23|0.1739505311|0.4058845725|0.6668103691|0.173913043|0.130434783|0.304347826|0.086956522|0.217391304|0.043478261|0.043478261|0|0|no call|7|2551.4667|0|2|no call|212.2667|-0.85758465|0|3|2151.4667|3|2549.8667|2|1096|4|0|3|0|2|0|True|7|2|5|2|1
TCGA-2G-AAGS-01|3|3|Mixed|2|3|2|39|WHITE|NOT HISPANIC OR LATINO|non-seminoma|non-seminoma- mixed (no dominant component)||20|30|10|40||No|NO|NO|No|0.88|2.91|1|0.91|0.11|0.217838454|0.198226637|0.59887484|0.218336275|0.109|0|0|0|0|34461838|2|8|10|0.0580352098|0.1741056295|0.2901760492|0|0.2|0.1|0|0.3|0.2|0.2|0|0|no call|6|3528.8012|0|2|no call|573.9491|-0.609423536|0|3|3333.6793|40|26502.3352|2|1543.8505|3|0|3|0|3|0|True|6|2|4|2|1
TCGA-2G-AAGT-01|4|2|Mixed|3|4|2|30|WHITE|NOT HISPANIC OR LATINO|non-seminoma|yolk sac|||100||||No|NO|YES|No|0.81|2.4|1|0.83|0.15|0.062281937|0.199226246|0.513113462|0.033393743|0.105|0|0|0|0|34173539|6|14|20|0.146312034|0.4096736952|0.585248136|0.15|0.05|0.45|0|0.05|0.1|0.2|0|0|no call|6|3692.0552|0|2|no call|1707.6548|0.047909984|0|2|3021.2049|18|6334.2218|2|1033.2362|2|0|2|0|2|0|True|6|1|5|1|1
TCGA-2G-AAGV-01|3|2|Mixed|3|2|2|23|WHITE|NOT HISPANIC OR LATINO|non-seminoma|mature teratoma||||100|||No|NO|NO|No|0.84|2.82|1|0.88|0.08|0.098743252|0.204294816|0.602209732|0.043570296|0.126|0|0|0|0|34281858|2|5|7|0.0291699476|0.0875098427|0.2041896329|0.285714286|0|0.571428571|0|0.142857143|0|0|0|0|no call|7|1676.1364|0|2|no call|121.0227|-0.745339323|0|3|1117.0455|3|1311.9318|2|632.3864|3|0|3|0|3|0|True|7|2|5|2|1
TCGA-2G-AAGW-01|3|3|CpH-High|2|4|3|38|WHITE|NOT HISPANIC OR LATINO|non-seminoma|yolk sac|||100||||No|[Unknown]|[Unknown]|No|0.92|2.83|1|0.94|0.22|0.516159654|0.187281874|0.60916454|0.522242818|0.01|0|0|0|0|34388347|7|21|28|0.2035573271|0.4943535088|0.8142293086|0.25|0.142857143|0.392857143|0.035714286|0.107142857|0|0.071428571|0|0|no call|9|3308.3998|0|6|no call|215.2054|-0.437976352|0|3|2630.2882|3|4883.5071|2|578.786|3|0|3|0|2|0|True|9|4|5|1|2
TCGA-2G-AAGX-01|3|2|Mixed|3|2|2|22|WHITE|NOT HISPANIC OR LATINO|non-seminoma|mature teratoma dominant|||5|95|||No|NO|YES|Yes|0.92|2.94|1|0.94|0.02|0.081161707|0.207597982|0.627523844|0.052976365|0.042|0|0|0|0|34446608|2|8|10|0.0870913037|0.2032130421|0.2903043458|0.1|0.1|0.4|0|0.1|0.1|0.2|0|0|no call|7|2315.8163|0|3|no call|450.439|-0.550766376|0|3|2173.3045|4|3396.3609|2|938.5418|3|0|3|0|3|0|True|7|2|5|2|1
TCGA-2G-AAGY-01|3|2|Mixed|3|3|2|28|WHITE|NOT HISPANIC OR LATINO|non-seminoma|mature teratoma dominant||||65|35||No|NO|NO|Yes|0.83|2.95|1|0.87|0.16|0.078991267|0.215729858|0.609163005|0.040462278|0.142|0|0|0|0|34486536|4|6|10|0.1449841179|0.1739809414|0.2899682357|0.1|0.1|0.5|0|0.2|0.1|0|0|0|no call|4|1365.4764|0|3|no call|286.5171|-0.577099721|0|3|2049.7467|4|2415.0178|2|1051.9929|4|0|4|0|3|0|True|7|2|5|2|2
TCGA-2G-AAGY-05|1|1|Sem-LC|1|1|1|28|WHITE|NOT HISPANIC OR LATINO|seminoma|seminoma|100||||||No|NO|NO|Yes|0.79|3.12|1|0.85|0.06|0.053508929|0.097445513|0.210554105|0.026322043|0.11|0|0|0|0|34396037|4|5|9|0.0290731168|0.0290731168|0.2616580509|0.333333333|0|0.444444444|0.111111111|0|0|0.111111111|0|0|no call|7|3383.7029|0|2|no call|8033.5224|2.041685822|0|3|1777.2047|3|1973.6978|1|1627.1274|5|0|5|0|5|0|True|7|2|5|2|1
TCGA-2G-AAGZ-01|4|3|CpH-High|2|2|3|27|WHITE|NOT HISPANIC OR LATINO|non-seminoma|embryonal||100|||||No|NO|[Unknown]|No|0.16|2.81|1|0.21|0.22|0.171263252|0.196810381|0.60789268|0.146600833|0.43|0|0|0|0|34615932|8|11|19|0.2311074565|0.3466611848|0.5488802093|0.263157895|0.157894737|0.368421053|0|0|0|0.210526316|0|0|no call|9|1915.0418|0|2|no call|252.7855|-0.624952939|0|3|1438.0223|3|2225.6267|2|531.337|3|0|3|0|3|0|True|9|3|6|0|2
TCGA-2G-AAH0-01|1|1|Sem-MC|1|1|1|30|WHITE|NOT HISPANIC OR LATINO|seminoma|seminoma|100||||||No|YES|YES|No|0.46|3.24|1|0.58|0.18|0.0652116|0.125271688|0.36107952|0.029064114|0.317|0|0|0|0|34454072|3|9|12|0.0870724366|0.2321931643|0.3482897464|0.333333333|0|0.333333333|0|0.333333333|0|0|0|0|no call|8|3852.9517|0|2|no call|3347.1441|1.302533811|0|3|1974.8533|5|3463.0583|2|1636.2112|3|0|3|0|2|0|True|8|3|5|3|1
TCGA-2G-AAH2-01|3|2|CpH-High|3||2|20|WHITE|NOT HISPANIC OR LATINO|non-seminoma|mature teratoma dominant|||20|80|||No|NO|[Unknown]|No|0.77|2.81|1|0.82|0.08|0.071269956|0.189201226|0.584324919|0.044597525|0.176|0|0|0|0|34508495|3|8|11|0.1448918592|0.2028486029|0.3187620903|0.181818182|0.090909091|0.545454545|0.090909091|0|0|0.090909091|0|0|no call|9|4665.2562|0|2|no call|352.6093||0|2|1443.3474|3|2392.5717|2|657.7339|2|0|2|0|2|0|True|9|2|7|2|1
TCGA-2G-AAH3-01|3|1|Sem-HC|1|1|1|20|WHITE|NOT HISPANIC OR LATINO|seminoma|seminoma|100||||||No|NO|YES|No|0.69|2.73|1|0.75|0.21|0.054472996|0.120430291|0.35828077|0.031518579|0.167|1|0|0|0|34550803|3|23|26|0|0.3183717611|0.7525150718|0.269230769|0.346153846|0.269230769|0.076923077|0|0|0|0.038461538|0|no call|4|1939.1858|p.A829P|2|1|10921.1031|2.261458176|0|3|1739.9737|4|6091.5244|2|4206.8896|2|0|2|0|3|0|False|4|2|2|2|2
TCGA-2G-AAH4-01|3|2|Mixed|3|3|2|34|WHITE|NOT HISPANIC OR LATINO|non-seminoma|yolk sac dominant||10|90||||No|NO|NO|No|0.85|2.8|1|0.89|0.16|0.076333382|0.216009817|0.617019508|0.040515315|0.125|0|0|0|0|34497373|6|9|15|0.1449385726|0.2898771451|0.4348157177|0.133333333|0.266666667|0.4|0|0.2|0|0|0|0|no call|7|2170.1452|0|3|no call|1420.5989|-0.314953841|0|3|2317.6044|25|8336.2069|2|677.8584|3|0|3|0|3|0|True|7|2|5|2|1
TCGA-2G-AAH8-01|1|1|Sem-LC|1|1|1|45|WHITE|NOT HISPANIC OR LATINO|seminoma|seminoma|100||||||Yes; left testicle only|NO|NO|No|0.74|3.39|1|0.83|0.03|0.057549068|0.093888504|0.187138007|0.025442197|0.109|0|1|0|0|34586000|2|22|24|0.0578268664|0.4915283641|0.6939223963|0.208333333|0.291666667|0.166666667|0.208333333|0.041666667|0.083333333|0|0|p.Q61L|1|7|2574.2838|0|2|no call|2913.6131|1.688540294|0|4|1888.0746|4|4789.6958|2|1921.8299|3|0|3|p.D1067V|5|0|True|7|3|4|2|2
TCGA-2G-AAHA-01|1|1|Sem-MC|1|1|1|48|WHITE|NOT HISPANIC OR LATINO|seminoma|seminoma|100||||||Yes; left testicle only|NO|YES|No|0.42|3.51|1|0.56|0.03|0.063727742|0.131089224|0.338269298|0.030647372|0.402|1|1|0|0|34679297|4|10|14|0.1153425919|0.3171921276|0.4036990715|0.071428571|0.142857143|0.5|0|0.071428571|0.071428571|0.142857143|0|p.G12A|1|4|860.5235|p.D816H|3|2|8346.5997|1.944664656|0|3|1457.1531|4|3431.5764|3|4103.2628|3|0|3|0|3|0|False|4|2|2|2|2
TCGA-2G-AAHC-01|2|1|Sem-HC|1|1|1|33|WHITE|NOT HISPANIC OR LATINO|seminoma|seminoma|100||||||Yes; left testicle only|NO|YES|No|0.3|2.73|1|0.37|0.03|0.050156786|0.154423616|0.465791782|0.029920125|0.549|0|0|0|0|34314245|3|7|10|0.0291424159|0.2039969115|0.2914241593|0.4|0|0.2|0|0.3|0|0.1|0|0|no call|4|1525.0219|0|2|no call|1888.0597|0.522168219|0|3|1268.6567|3|1998.2441|1|1291.9227|5|0|2|0|2|0|False|4|1|3|1|2
TCGA-2G-AAHG-01|3|1|Sem-LC|1|1|1|25|WHITE|NOT HISPANIC OR LATINO|seminoma|seminoma|100||||||Yes; left testicle only|NO|[Unknown]|No|0.76|2.68|1|0.81|0.06|0.068811889|0.106684152|0.269023603|0.033572702|0.132|0|0|0|0|34362861|4|7|11|0.0873035572|0.1746071143|0.320113043|0|0|0.909090909|0|0|0.090909091|0|0|0|no call|6|3889.9083|0|2|no call|4306.9224|1.746508559|0|3|1232.1379|3|1769.9935|1|1370.7719|2|0|2|0|3|0|True|6|2|4|2|1
TCGA-2G-AAHL-01|3|1|Sem-LC|1|1|1|26|WHITE|NOT HISPANIC OR LATINO|seminoma|seminoma|100||||||Yes; left testicle only|NO|NO|No|0.6|2.87|1|0.69|0.03|0.063856378|0.115981256|0.267842689|0.027556249|0.263|1|0|0|0|34341817|3|15|18|0.1455950918|0.4950233122|0.5241423306|0.055555556|0.444444444|0.222222222|0.111111111|0.111111111|0.055555556|0|0|0|no call|5|1224.5207|p.N822K|8|7|9313.8244|2.378171002|0|3|1131.1806|3|2551.4632|2|1463.6731|2|0|2|0|3|0|True|5|1|4|1|2
TCGA-2G-AAHN-01|1|1|Sem-MC|1||1|32|WHITE|NOT HISPANIC OR LATINO|seminoma|seminoma|100||||||Yes; left testicle only|NO|YES|No|0.32|3.17|1|0.42|0.09|0.057854349|0.139948158|0.390531529|0.029481038|0.452|1|0|0|0|34567848|4|18|22|0.1446430799|0.4917864716|0.6364295515|0.090909091|0.090909091|0.454545455|0.136363636|0.090909091|0|0.136363636|0|0|no call|4|725.6713|p.N822Y|3|2|4698.9629||0|3|1166.643|4|2546.9527|2|1753.0899|3|0|3|0|3|0|False|4|2|2|2|2
TCGA-2G-AAHP-01|2|1|Sem-MC|1|1|1|31|WHITE|NOT HISPANIC OR LATINO|seminoma|seminoma|100||||||No|NO|YES|Yes|0.88|2.81|1|0.91|0.07|0.051119771|0.105367836|0.247588807|0.027020614|0.058|0|0|0|0|34460817|1|8|9|0.0290184647|0.1741107879|0.2611661819|0.111111111|0|0.444444444|0|0.111111111|0.222222222|0.111111111|0|0|no call|6|3226.3441|0|2|no call|1869.3548|1.535279399|0|2|855.914|4|1553.7634|1|809.6774|3|0|3|0|2|0|True|6|2|4|2|2
TCGA-2G-AAHP-05|1|1|Sem-MC|1||1|31|WHITE|NOT HISPANIC OR LATINO|seminoma|seminoma|100||||||No|NO|YES|Yes|0.42|3.45|1|0.56|0.06|0.050971322|0.127583128|0.347030127|0.025223411|0.395|0|1|0|0|34414276|3|17|20|0.0290577085|0.2034039594|0.5811541699|0.1|0.25|0.2|0.15|0.2|0.1|0|0|p.Q61H|2|6|1939.9551|0|3|no call|9760.3816||0|3|1768.2379|4|2661.055|3|4779.4613|3|0|3|0|3|0|True|6|2|4|2|1
TCGA-2G-AAHT-01|3|1|Sem-MC|1|1|1|32|WHITE|NOT HISPANIC OR LATINO|seminoma|seminoma|100||||||Yes; left testicle only|NO|YES|No|0.52|3|1|0.62|0.02|0.051389294|0.124099303|0.31511751|0.026265044|0.322|1|0|0|0|34556637|6|13|19|0.1736280067|0.2893800111|0.5498220212|0.105263158|0.157894737|0.315789474|0.105263158|0.210526316|0|0.105263158|0|0|no call|5|1694.0433|p.W557C|6|1|22454.8736|3.020862927|0|3|1844.7653|3|2663.8087|2|4833.4838|3|0|3|0|3|0|True|5|2|3|2|1
TCGA-2G-AAKD-01|3|3|CpH-High|2||3|18|WHITE|NOT HISPANIC OR LATINO|non-seminoma|embryonal dominant||90|10||||No|NO|NO|No|0.59|2.87|1|0.67|0.07|0.450047759|0.180893862|0.596518851|0.401700767|0.226|0|0|0|0|34214803|3|14|17|0.1461355776|0.4091796174|0.496860964|0.058823529|0.058823529|0.764705882|0|0.058823529|0|0.058823529|0|0|no call|10|3700.7224|0|4|no call|478.8442||0|3|2166.1507|3|3575.8514|2|596.4912|4|0|4|0|3|0|True|10|2|8|2|1
TCGA-2G-AAKG-01|3|3|CpH-High|2|3|3|22|WHITE|NOT HISPANIC OR LATINO|non-seminoma|non-seminoma- mixed (no dominant component)||40|5|50|5||No|[Unknown]|[Unknown]|Yes|0.64|2.78|1|0.71|0.11|0.254167766|0.204460321|0.598795253|0.240666951|0.307|0|0|0|0|34130375|4|15|19|0.1171976575|0.5566888732|0.5566888732|0.052631579|0.052631579|0.421052632|0.052631579|0.263157895|0.052631579|0.105263158|0|0|no call|7|2541.843|0|2|no call|295.8144|-0.896323234|0|4|2936.5391|3|4066.6164|2|653.1182|4|0|4|0|4|0|True|7|2|5|2|1
TCGA-2G-AAKG-05|2|1|CpH-High|1|1|1|22|WHITE|NOT HISPANIC OR LATINO|seminoma|seminoma|100||||||No|[Unknown]|NO|Yes|0.4|2.78|1|0.48|0.03|0.171044547|0.209989358|0.605994237|0.125677754|0.433|0|0|0|0|34272681|10|19|29|0.262599824|0.4960218899|0.8461549886|0.24137931|0.068965517|0.379310345|0.034482759|0.137931034|0.034482759|0.103448276|0|0|no call|5|891.5033|0|2|no call|84.9673|0.426027475|0|3|947.7124|4|833.9869|1|94.1176|3|0|3|0|3|0|True|5|2|3|1|1
TCGA-2G-AAKH-01|5|3|Sem-HC|2|2|3|19|WHITE|NOT HISPANIC OR LATINO|non-seminoma|non-seminoma- mixed (no dominant component)|55|45|||||[Not Available]|NO|NO|No|0.4|3.86|2|0.56|0.53|0.230080777|0.163141546|0.492498081|0.219177308|0.37|0|0|0|0|34569433|15|34|49|0.4049820545|0.9835278467|1.4174371908|0.183673469|0.081632653|0.408163265|0.06122449|0.142857143|0.040816327|0.081632653|0|0|no call|53|10470.0895|0|3|no call|804.0509|-0.871993825|0|6|2341.9689|6|6344.3241|3|1139.4253|4|0|3|0|5|0|True|7|3|4|3|1
TCGA-2G-AAKL-01|4|3|CpH-High|2|2|3|26|WHITE|NOT HISPANIC OR LATINO|non-seminoma|embryonal||100|||||No|NO|NO|No|0.63|2.61|1|0.69|0.14|0.406410076|0.179539427|0.566293505|0.397061417|0.28|0|0|0|0|34427993|1|17|18|0.0580922623|0.4647380984|0.5228303607|0.111111111|0.166666667|0.5|0|0.055555556|0.055555556|0.111111111|0|0|no call|8|2861.141|0|2|no call|376.211|-0.548342018|0|2|2351.9914|3|5594.1873|2|765.3391|3|0|3|0|2|0|True|6|1|5|1|2
TCGA-2G-AAKM-01|4|3|CpH-High|2|4|3|14|WHITE|NOT HISPANIC OR LATINO|non-seminoma|embryonal dominant||90|5|5|||No|NO|NO|No|0.76|2.65|1|0.81|0.55|0.402689894|0.178617569|0.538435233|0.382428359|0.16|0|0|0|0|34539064|0|5|5|0.0289527244|0.1447636219|0.1447636219|0|0.6|0|0|0.2|0|0.2|0|0|no call|8|3348.0647|0|2|no call|209.4023|-0.773139895|0|3|2556.7255|3|7585.941|2|1063.6215|3|0|3|0|3|0|True|8|1|7|1|2
TCGA-2G-AAL5-01|4|2|Mixed|3|3|2|31|WHITE|NOT HISPANIC OR LATINO|non-seminoma|yolk sac dominant|||80|20|||No|NO|[Unknown]|Yes|0.93|2.74|1|0.95|0.01|0.07327662|0.196341065|0.598956304|0.038991371|0.025|0|0|0|0|33851634|6|20|26|0.059081343|0.2658660436|0.7680574592|0.115384615|0.076923077|0.423076923|0.115384615|0.115384615|0|0.153846154|0|0|no call|7|2245.3079|0|2|no call|461.6398|-0.627706931|0|4|2878.8278|3|1757.3263|2|682.5815|3|0|3|0|3|0|True|7|2|5|2|1
TCGA-2G-AAL7-01|3|3|CpH-High|2|2|3|32|WHITE|NOT HISPANIC OR LATINO|non-seminoma|embryonal||100|||||No|NO|NO|No|0.59|2.86|1|0.67|0.47|0.36679972|0.173133105|0.524862857|0.355263172|0.195|0|0|0|0|34042277|5|16|21|0.0587504766|0.2056266683|0.6168800048|0.19047619|0.19047619|0.523809524|0|0|0.095238095|0|0|0|no call|7|2978.0908|0|2|no call|125.9781|-0.678292125|0|3|1961.6588|3|4183.8811|2|537.5587|3|0|2|0|2|0|True|7|2|5|2|1
TCGA-2G-AALP-01|4|3|CpH-High|2|2|3|43|WHITE|NOT HISPANIC OR LATINO|non-seminoma|yolk sac dominant|||85|5|10||No|NO|NO|No|0.82|2.72|1|0.86|0.06|0.303937404|0.189746568|0.586243861|0.27900454|0.107|0|0|0|0|33857364|13|31|44|0.3839637368|0.7679274736|1.2995695707|0.159090909|0.181818182|0.409090909|0.045454545|0.136363636|0.022727273|0.045454545|0|0|no call|8|2715.8044|0|2|no call|76.5415|-0.573125139|0|3|2743.5861|4|3441.5308|2|638.9794|3|0|3|0|3|0|True|8|2|6|2|2
TCGA-2X-A9D5-01|2|1|Sem-MC|1|1|1|49|WHITE|NOT HISPANIC OR LATINO|seminoma|seminoma|100||||||No|NO|YES|No|0.46|2.82|1|0.55|0.1|0.059641069|0.130518287|0.343900405|0.029747449|0.36|1|0|0|0|34358596|4|12|16|0.2037335868|0.3492575773|0.4656767698|0.1875|0.0625|0.25|0.0625|0.1875|0.25|0|0|0|no call|4|1435.9291|p.N822K|4|3|11663.7824|1.571385555|0|2|960.033|4|3072.5175|1|1605.274|3|0|3|0|2|0|False|4|2|2|2|2
TCGA-2X-A9D6-01|1|1|Sem-MC|1|1|1|42|WHITE|NOT HISPANIC OR LATINO|seminoma|seminoma|100||||||No|NO|NO|No|0.32|3.33|1|0.43|0.09|0.062716055|0.140167194|0.383399389|0.031122028|0.392|1|0|0|0|34503873|2|11|13|0.0289822537|0.3767692978|0.3767692978|0.076923077|0.230769231|0.230769231|0.076923077|0.230769231|0|0.153846154|0|0|no call|4|1473.464|p.D816Y|3|1|9437.7021|2.115975251|0|3|1613.4678|4|3852.7677|3|5135.6287|3|0|3|0|3|0|False|4|2|2|2|2
TCGA-4K-AA1G-01|2|1|Sem-LC|1|1|1|34|WHITE|NOT HISPANIC OR LATINO|seminoma|seminoma|100||||||No|[Unknown]|[Unknown]|No|0.67|2.88|1|0.75|0.26|0.052581881|0.1091736|0.247981976|0.028080308|0.221|1|0|0|0|34350457|3|12|15|0.0291116942|0.1746701652|0.4366754131|0.133333333|0.466666667|0.266666667|0|0.133333333|0|0|0|0|no call|4|2322.0899|p.D816H|2|2|11880.9524|1.800352397|0|3|2253.3069|4|4845.2381|1|2522.4868|3|0|3|0|2|0|False|4|2|2|2|2
TCGA-4K-AA1H-01||1|Sem-HC|1|1|1|26|WHITE|NOT HISPANIC OR LATINO|seminoma|seminoma|100||||||No|NO|NO|No|no call|no call|no call|no call|no call|0.050338252|0.165973348|0.505237143|0.027049359|0.636|1|1|0|0|34109780|6|4|10|0.0586342099|0.0586342099|0.2931710495|0.2|0|0.5|0|0.2|0.1|0|0|p.G12S|no call|no call|1215.3135|p.V560G|no call|no call|2267.7287|1.596625846|0|no call|1658.2734|no call|2495.3751|no call|2281.6033|no call|0|no call|0|no call|0|no call|no call|no call|no call|no call|no call
TCGA-4K-AA1I-01|2|1|Sem-MC|1|1|1|26|WHITE|NOT HISPANIC OR LATINO|seminoma|seminoma|100||||||[Unknown]|[Unknown]|[Unknown]|No|0.28|2.83|1|0.36|0.1|0.050787366|0.151342008|0.442982967|0.028843713|0.57|0|0|0|0|33898230|5|4|9|0.1180002614|0.1770003921|0.2655005881|0|0.333333333|0.444444444|0|0.111111111|0.111111111|0|0|0|no call|4|945.8983|0|3|no call|4515.7966|1.956774671|0|3|1303.8644|5|4225.6271|1|1289.7627|2|0|2|0|2|0|False|4|2|2|1|2
TCGA-4K-AAAL-01|5|1|Sem-MC|4||1|31|WHITE|NOT HISPANIC OR LATINO|seminoma|seminoma|100||||||No|NO|NO|No|0.4|4.5|2|0.6|0.18|0.063728773|0.126146907|0.32496045|0.032345305|0.258|0|1|0|0|34453776|9|9|18|0.261219554|0.2902439489|0.522439108|0.166666667|0.222222222|0.333333333|0.055555556|0.111111111|0.055555556|0.055555556|0|p.A146P|2|13|2600.5484|0|5|no call|4371.1152||0|5|1320.841|7|2377.5137|2, doubled|819.0128|6|0|5|0|4|0|True|13|2|11|2|5
TCGA-S6-A8JW-01|1|1|Sem-LC|1|1|1|37|WHITE|NOT HISPANIC OR LATINO|seminoma|seminoma|100||||||[Unknown]|[Unknown]|[Unknown]|No|0.68|3.22|1|0.77|0.07|0.061781931|0.112061939|0.245348462|0.029806115|0.187|0|1|0|0|34502419|2|8|10|0.0579669501|0.2318678003|0.2898347504|0|0.2|0.4|0|0.1|0.1|0.2|0|p.Q61R|3|9|2455.4093|0|2|no call|7730.2805|2.439215654|0|3|1564.7396|4|4096.6228|2|5484.6022|3|0|3|0|3|0|True|9|2|7|2|2
TCGA-S6-A8JX-01|2|1|Sem-LC|1|1|1|27|WHITE|NOT HISPANIC OR LATINO|seminoma|seminoma|100||||||No|NO|[Unknown]|No|0.89|3.09|1|0.92|0.1|0.054230486|0.076560864|0.141347287|0.025561045|0.004|0|0|0|0|34116470|2|7|9|0.0586227121|0.1465567803|0.2638022046|0.222222222|0.111111111|0.333333333|0|0.222222222|0|0.111111111|0|0|no call|28|10394.7456|0|2|no call|6825.782|2.14130761|0|3|1343.8718|4|2889.4579|1|1394.6343|3|0|3|0|4|0|True|9|2|7|2|2
TCGA-S6-A8JY-01|2|1|Sem-LC|1|1|1|27|WHITE|NOT HISPANIC OR LATINO|seminoma|seminoma|100||||||No|[Unknown]|[Unknown]|No|0.74|2.84|1|0.8|0.02|0.057735725|0.108891826|0.253263295|0.034983038|0.169|0|0|0|0|33915616|4|13|17|0.0884548286|0.2358795429|0.5012440287|0.176470588|0.235294118|0.294117647|0|0.058823529|0.176470588|0.058823529|0|0|no call|60+|33867.2193|0|10|no call|22579.8238|2.984408831|0|4|2456.3689|3|3582.2663|1|1188.9571|3|0|3|0|3|0|False|4|2|2|1|2
TCGA-SB-A6J6-01|5|1|Sem-MC|1||1|22|WHITE|NOT HISPANIC OR LATINO|seminoma|seminoma|100||||||No|NO|NO|No|0.28|4.97|2|0.49|0.14|0.05505986|0.140155278|0.376060879|0.027657222|0.361|0|0|0|0|34012457|2|15|17|0.0588019854|0.1470049635|0.4998168759|0.176470588|0.117647059|0.470588235|0.117647059|0.117647059|0|0|0|0|no call|8|2213.1015|0|5|no call|2498.4352||0|4|1252.2192|7|2086.3258|2, doubled|1400.5362|7|0|6|0|5|0|False|8|3|5|2|5
TCGA-SB-A76C-01|2|1|Sem-LC|1||1|38|WHITE|NOT HISPANIC OR LATINO|seminoma|seminoma|100||||||No|YES|YES|No|0.64|2.95|1|0.73|0.04|0.051809081|0.113337825|0.261419718|0.026518491|0.223|0|1|1|0|34171020|3|13|16|0.0292645639|0.4097038953|0.4682330232|0.3125|0.1875|0.375|0|0.0625|0|0.0625|0|p.G12A|0|5|2359.7152|0|3|no call|11429.9866||p.G12D|3|1716.6443|3|2606.5422|1|1544.5258|3|0|3|0|2|0|True|5|2|3|2|1
TCGA-SN-A6IS-01|2|1|Sem-MC|1|1|1|26|WHITE|HISPANIC OR LATINO|seminoma|seminoma|100||||||[Unknown]|NO|NO|No|0.51|2.98|1|0.6|0.05|0.052711837|0.126964498|0.325573649|0.029945951|0.275|0|0|0|0|34383192|4|10|14|0.116335912|0.3780917141|0.4071756921|0.142857143|0.071428571|0.428571429|0|0.071428571|0|0.285714286|0|0|no call|7|5621.2012|0|4|no call|5679.656|1.318687306|0|3|1637.5288|3|2434.4223|2|2301.6067|3|0|3|0|3|0|True|7|2|5|2|1
TCGA-SN-A84W-01|4|2|Mixed|3||2|30|WHITE|HISPANIC OR LATINO|non-seminoma|mature teratoma||||100|||No|YES|YES|No|0.9|2.66|1|0.92|0.02|0.066014947|0.219021108|0.622453819|0.031469553|0.051|0|0|0|0|34416307|8|12|20|0.1452799686|0.3196159309|0.5811198744|0.1|0|0.55|0|0.1|0.05|0.2|0|0|no call|7|2623.6403|0|2|no call|394.1262||0|3|2344.8151|3|1828.1363|2|822.6976|3|0|3|0|2|0|True|7|2|5|2|1
TCGA-SN-A84X-01|4|2|Sem-HC|3|3|2|21|WHITE|HISPANIC OR LATINO|non-seminoma|mature teratoma dominant|30||10|60|||No|[Unknown]|[Unknown]|No|0.75|2.54|1|0.79|0.06|0.082447217|0.156109579|0.463503208|0.041109203|0.197|0|0|0|0|34303695|4|18|22|0.0874541358|0.495573436|0.641330329|0.136363636|0.090909091|0.545454545|0.090909091|0.045454545|0.090909091|0|0|0|no call|6|2295.5242|0|2|no call|844.6352|-0.241729179|0|2|1323.8504|3|1756.4684|2|577.805|3|0|2|0|2|0|True|6|2|4|2|1
TCGA-SN-A84Y-01|3|3|CpH-High|2||3|18|WHITE|HISPANIC OR LATINO|non-seminoma|embryonal dominant||80|20||||No|[Unknown]|[Unknown]|No|0.77|2.63|1|0.82|0.18|0.473127307|0.183638166|0.571093202|0.465818878|0.144|0|0|0|0|34111456|5|6|11|0.0879469935|0.2345253161|0.3224723096|0.090909091|0.454545455|0.090909091|0|0|0.090909091|0.272727273|0|0|no call|7|5042.957|0|2|no call|256.2438||0|3|2617.8821|3|9097.9021|2|1134.3656|2|0|2|0|2|0|True|7|2|5|2|1
TCGA-SO-A8JP-01|5|1|Sem-LC|1|1|1|29|WHITE|NOT HISPANIC OR LATINO|seminoma|seminoma|100||||||No|NO|YES|No|0.76|4.76|2|0.88|0.26|0.065784965|0.085319816|0.178768196|0.028450541|0.036|0|0|0|0|34546232|6|16|22|0.1736803018|0.5210409054|0.6368277733|0.272727273|0.090909091|0.363636364|0.136363636|0.045454545|0.045454545|0.045454545|0|0|no call|7|2442.3995|0|3|no call|7212.3381|2.161735235|0|3|978.5276|6|3129.516|2, doubled|2160.1909|5|0|5|0|5|0|False|7|3|4|3|3
TCGA-VF-A8A8-01|4|3|CpH-High|2|4|3|18|WHITE|NOT HISPANIC OR LATINO|non-seminoma|embryonal dominant||95|5||||Yes; right testicle only|YES|YES|No|0.92|2.46|1|0.93|0.21|0.506502249|0.19070093|0.604578067|0.486517902|0.079|0|0|0|0|34464957|11|28|39|0.290149789|0.841434388|1.1315841769|0.179487179|0.128205128|0.358974359|0.025641026|0.179487179|0.051282051|0.076923077|0|0|no call|8|3036.0082|0|2|no call|264.4033|-0.843326439|0|3|2382.2016|3|7105.9671|2|1047.3251|3|0|3|0|2|0|True|7|2|5|2|1
TCGA-VF-A8A9-01|1|1|Sem-HC|1|1|1|31|WHITE|NOT HISPANIC OR LATINO|seminoma|seminoma|100||||||[Unknown]|NO|YES|No|0.36|3.09|1|0.47|0.03|0.059218542|0.144927631|0.427624896|0.031600129|0.406|0|0|0|0|34463296|9|14|23|0.0870491319|0.377212905|0.6673766781|0.086956522|0.130434783|0.347826087|0|0.260869565|0|0.086956522|0.086956522|0|no call|6|2530.7692|0|2|no call|1300.8547|0.404156514|0|3|1149.5726|4|2435.4701|1|879.0598|3|0|3|0|3|0|True|6|2|4|2|2
TCGA-VF-A8AA-01|1|1|Sem-MC|1|1|1|51|WHITE|NOT HISPANIC OR LATINO|seminoma|seminoma|100||||||Yes; right testicle only|YES|YES|No|0.32|3.55|1|0.46|0.27|0.048628646|0.145383613|0.381198935|0.029142386|0.449|1|0|0|0|34533354|3|10|13|0.0868725349|0.3474901395|0.3764476512|0.076923077|0.230769231|0.307692308|0.076923077|0.307692308|0|0|0|0|no call|6|2013.437|p.W557R|3|1|7800.2898|2.21302523|0|4|1832.1697|4|2694.7701|3|2874.9835|3|0|3|0|3|p.C416R|True|6|3|3|3|1
TCGA-VF-A8AB-01|3|1|Sem-HC|1||1|31|BLACK OR AFRICAN AMERICAN|NOT HISPANIC OR LATINO|seminoma|seminoma|100||||||No|NO|YES|No|0.3|2.95|1|0.39|0.02|0.066492708|0.162371291|0.48340177|0.036358018|0.476|0|0|0|0|34011395|3|11|14|0.1764114645|0.3234210182|0.4116267504|0.142857143|0.214285714|0.357142857|0.071428571|0.142857143|0|0|0.071428571|0|no call|20|4266.7807|0|2|no call|1385.6349||0|4|1176.9987|4|2596.4087|3|2361.2655|2|0|3|0|3|0|True|14|2|12|2|2
TCGA-VF-A8AC-01|1|1|Sem-MC|1||1|29|WHITE|NOT HISPANIC OR LATINO|seminoma|seminoma|100||||||No|YES|YES|No|0.27|3.83|1|0.41|0.06|0.055521289|0.141349251|0.40253967|0.031756448|0.501|0|1|0|0|34438249|1|12|13|0.0580749619|0.3774872526|0.3774872526|0.153846154|0.307692308|0.384615385|0|0.076923077|0.076923077|0|0|p.G12R|6|8|1329.3863|0|3|no call|7453.4897||0|4|1191.3925|4|3001.2524|3|4722.3045|3|0|3|0|4|0|True|8|2|6|2|2
TCGA-VF-A8AD-01|3|3|CpH-High|2||3|36|WHITE|NOT HISPANIC OR LATINO|non-seminoma|embryonal dominant||95|5||||No|NO|YES|No|0.43|2.92|1|0.52|0.14|0.166045928|0.174003182|0.51886856|0.113116247|0.387|0|0|0|0|34386801|5|11|16|0.1744855533|0.4071329578|0.4652948089|0.125|0.1875|0.5625|0|0.0625|0.0625|0|0|0|no call|8|3234.9341|0|2|no call|250.4708||0|2|1321.5631|4|5448.6817|2|673.7288|3|0|3|0|3|0|True|8|3|5|2|2
TCGA-VF-A8AE-01||1|Sem-MC|1|1|1|39|WHITE|NOT HISPANIC OR LATINO|seminoma|seminoma|100||||||No|NO|YES|No|no call|no call|no call|no call|no call|0.05001034|0.159469624|0.464581492|0.026596972|0.584|0|0|0|0|34633549|3|6|9|0.0866212123|0.202116162|0.2598636368|0.444444444|0|0.444444444|0|0|0|0.111111111|0|0|no call|no call|1473.2033|0|no call|no call|658.5837|0.139627215|0|no call|804.7795|no call|1624.3191|no call|702.8642|no call|0|no call|0|no call|0|no call|no call|no call|no call|no call|no call
TCGA-W4-A7U2-01|2|1|Sem-MC|1|1|1|26|WHITE|NOT HISPANIC OR LATINO|seminoma|seminoma|100||||||No|NO|YES|No|0.62|2.82|1|0.69|0.04|0.05841062|0.126764023|0.329803835|0.029229292|0.278|0|1|0|0|34474736|9|26|35|0.1740404916|0.2320539888|1.0152362008|0.057142857|0.114285714|0.485714286|0|0.2|0|0.085714286|0.057142857|p.A146T|1|7|3926.8235|0|2|no call|2944.8008|0.69984186|0|3|1682.7433|4|2969.5098|1|1323.8299|3|0|3|0|2|0|True|7|3|4|3|1
TCGA-W4-A7U3-01|3|2|CpH-High|3|2|2|26|WHITE|[Unknown]|non-seminoma|non-seminoma- mixed (no dominant component)||15|55|20|10||No|NO|YES|No|0.72|2.8|1|0.78|0.37|0.086009558|0.203509419|0.562983329|0.040588454|0.188|0|0|0|0|34342161|17|46|63|0.2329498135|0.6114932604|1.8344797813|0.095238095|0.095238095|0.507936508|0.015873016|0.111111111|0.047619048|0.015873016|0.111111111|0|no call|7|2624.6649|0|2|no call|2282.5673|-0.954155628|0|3|2512.9596|3|1802.8914|3|1557.3039|3|0|3|0|3|0|True|7|2|5|2|1
TCGA-W4-A7U4-01|3|3|CpH-High|2|4|3|23|WHITE|NOT HISPANIC OR LATINO|non-seminoma|embryonal||100|||||No|NO|NO|No|0.68|3.01|1|0.76|0.51|0.452692548|0.175702643|0.542681604|0.417543259|0.153|0|0|0|0|34557483|2|5|7|0.0578745854|0.1736237561|0.2025610488|0.142857143|0.285714286|0.428571429|0|0|0|0.142857143|0|0|no call|7|3738.3516|0|3|no call|283.9713|-0.535409793|0|3|2322.1202|3|4843.6244|2|1004.5738|3|0|3|0|3|0|True|7|2|5|2|1
TCGA-WZ-A7V3-01|3|1|Sem-LC|1||1|20|WHITE|NOT HISPANIC OR LATINO|seminoma|seminoma|100||||||No|NO|NO|No|0.57|3.02|1|0.67|0.02|0.066799645|0.122611988|0.288874878|0.031200109|0.266|0|0|0|0|34381392|3|12|15|0.1163420027|0.3781115087|0.43628251|0.266666667|0.066666667|0.4|0.066666667|0.066666667|0|0.133333333|0|0|no call|7|3578.0123|0|2|no call|5828.1818||0|3|1696.5307|3|2774.6694|1|1278.8733|5|0|2|0|3|0|True|7|3|4|1|2
TCGA-WZ-A7V4-01|3|1|Sem-MC|1||1|28|WHITE|NOT HISPANIC OR LATINO|seminoma|seminoma|100||||||No|NO|NO|No|0.27|2.77|1|0.34|0.14|0.062598368|0.149288375|0.421867511|0.033839728|0.522|0|0|1|0|34100715|3|14|17|0.087974695|0.3812236782|0.4985232714|0.176470588|0.058823529|0.294117647|0.176470588|0.235294118|0|0.058823529|0|0|no call|5|1710.0685|0|2|no call|5263.5741||p.Q61R|3|1671.0596|3|4335.2662|1|2479.1776|2|0|2|0|3|p.G124D|True|5|2|3|2|1
TCGA-WZ-A7V5-01|2|1|Sem-MC|1||1|27|WHITE|NOT HISPANIC OR LATINO|seminoma|seminoma|100||||||No|NO|YES|No|0.38|2.73|1|0.45|0.23|0.056773728|0.136612314|0.376926035|0.028148062|0.442|1|0|0|0|34321683|8|36|44|0.2330888028|0.9614913115|1.2819884153|0.159090909|0.340909091|0.272727273|0.090909091|0.090909091|0.022727273|0.022727273|0|0|no call|6|2204.6042|p.D816V|2|0|6314.4159||0|3|1718.0845|4|4195.0018|2|2268.62|2|0|2|0|4|0|True|4|1|3|1|1
TCGA-WZ-A8D5-01|5|1|Sem-MC|1||1|38|WHITE|NOT HISPANIC OR LATINO|seminoma|seminoma|100||||||[Unknown]|NO|YES|No|0.26|4.42|2|0.43|0.18|0.057672603|0.137539079|0.365967032|0.027446612|0.412|0|1|0|0|34352244|4|9|13|0.1455508991|0.320211978|0.3784323376|0|0.076923077|0.538461538|0|0.230769231|0|0.153846154|0|p.Q61R|1|12|2286.9565|0|4|no call|3750.1144||0|4|1639.8169|6|3369.7941|2, doubled|1693.8215|6|0|6|0|4|0|True|12|3|9|3|2
TCGA-X3-A8G4-01|5|2|CpH-High|2|3|2|33|WHITE|NOT HISPANIC OR LATINO|non-seminoma|yolk sac dominant||10|80|10|||No|NO|YES|No|0.47|4.53|2|0.66|0.22|0.150105084|0.198482271|0.587781127|0.131837849|0.266|0|0|0|0|34354050|8|25|33|0.2328691959|0.7568248867|0.9605854332|0.151515152|0.090909091|0.424242424|0.090909091|0.151515152|0.03030303|0.03030303|0.03030303|0|no call|17|2771.8383|0|3|no call|401.5645|-0.563556029|0|5|2619.296|7|3413.2986|2|536.5059|6|0|6|0|4|0|True|17|3|14|3|2
TCGA-XE-A8H1-01|4|3|CpH-High|2|2|3|24|WHITE|HISPANIC OR LATINO|non-seminoma|embryonal||100|||||No|NO|NO|No|0.47|2.73|1|0.55|0.16|0.342861816|0.179753847|0.573095089|0.330000403|0.277|0|0|0|0|34231675|1|6|7|0.0292127102|0.1168508406|0.2044889711|0.285714286|0.142857143|0.285714286|0|0.285714286|0|0|0|0|no call|11|3971.6231|0|2|no call|361.7341|-0.70659475|0|3|1834.1813|3|5108.7066|2|1407.9541|3|0|3|0|3|0|True|10|3|7|1|2
TCGA-XE-A8H4-01|2|1|Sem-MC|1||1|23|WHITE|NOT HISPANIC OR LATINO|seminoma|seminoma|100||||||No|NO|YES|No|0.27|2.97|1|0.36|0.09|0.047368951|0.150436513|0.425366406|0.027897571|0.537|0|1|0|0|34280091|2|11|13|0.0875143534|0.1750287069|0.3792288649|0.307692308|0.153846154|0.384615385|0|0.076923077|0.076923077|0|0|p.A146T|2|17|4887.3934|0|2|no call|2782.8623||0|3|1493.4948|3|2023.7775|1|1039.031|3|0|3|0|3|0|True|8|4|4|1|2
TCGA-XE-A8H5-01|1|1|Sem-LC|1|1|1|29|[Unknown]|HISPANIC OR LATINO|seminoma|seminoma|100||||||No|NO|NO|No|0.67|3.15|1|0.76|0.04|0.070298545|0.100438806|0.226866534|0.028373811|0.173|0|1|0|1|34204985|8|28|36|0.2338840377|0.6431811036|1.0524781695|0.222222222|0.083333333|0.388888889|0.083333333|0.111111111|0.083333333|0.027777778|0|p.G12R|1|12|6513.4504|0|3|no call|3237.6652|1.672775705|0|3|1683.9544|4|3561.6858|2|2797.696|3|p.E545K|3|0|3|0|True|12|2|10|2|2
TCGA-XE-A9SE-01|1|1|Sem-HC|1|3|1|35|WHITE|HISPANIC OR LATINO|seminoma|seminoma|100||||||No|NO|NO|No|0.5|3.13|1|0.61|0.04|0.06764736|0.146953678|0.426012384|0.035027213|0.291|0|0|0|1|34312452|2|13|15|0.0582878775|0.3497272652|0.4371590815|0|0.2|0.266666667|0.2|0.133333333|0|0.2|0|0|no call|11|6656.4103|0|2|no call|1448.433|-0.424128874|0|3|1486.6097|5|3238.1766|2|2126.4957|4|p.N345K|4|0|3|0|True|11|2|9|2|3
TCGA-XE-AANI-01|3|2|Mixed|3|3|2|37|WHITE|NOT HISPANIC OR LATINO|non-seminoma|non-seminoma- mixed (no dominant component)||5|5|45|45||No|NO|YES|No|0.81|2.86|1|0.86|0.02|0.067280192|0.20012105|0.578102792|0.035912579|0.135|0|0|0|0|34332442|11|17|28|0.2912696976|0.3495236371|0.8155551533|0.107142857|0.035714286|0.571428571|0.107142857|0.107142857|0.035714286|0.035714286|0|0|no call|7|2551.4257|0|3|no call|460.9261|-0.752915819|0|2|1270.6721|3|1779.1829|2|891.2045|3|0|3|0|2|0|True|7|2|5|2|1
TCGA-XE-AANJ-01|2|1|Sem-MC|1|1|1|39|WHITE|HISPANIC OR LATINO|seminoma|seminoma|100||||||No|NO|NO|No|0.59|2.81|1|0.67|0.02|0.056828172|0.126971956|0.3246881|0.029282698|0.268|0|0|0|0|33764814|6|12|18|0.0888498897|0.4146328186|0.5330993383|0.333333333|0.055555556|0.444444444|0.055555556|0.055555556|0|0.055555556|0|0|no call|30|10059.9018|0|2|no call|2582.9787|1.304557895|0|3|1340.7529|3|3588.5434|1|1050.4092|8|0|3|0|2|0|True|8|1|7|1|2
TCGA-XE-AANR-01|3|1|Sem-HC|1|1|1|23|WHITE|HISPANIC OR LATINO|seminoma|seminoma|100||||||No|[Unknown]|[Unknown]|No|0.62|2.85|1|0.7|0|0.067530512|0.156538694|0.452072469|0.036516277|0.178|1|0|0|0|34472486|4|11|15|0.0580172837|0.3481037022|0.4351296277|0.133333333|0|0.6|0.133333333|0.133333333|0|0|0|0|no call|5|1074.6848|p.D816V|2|2|4664.4035|0.240169448|0|3|994.1804|3|1847.7207|2|1761.3967|3|0|3|0|2|0|True|5|2|3|2|1
TCGA-XE-AANV-01|1|1|Sem-MC|1|1|1|52|[Unknown]|NOT HISPANIC OR LATINO|seminoma|seminoma|100||||||No|NO|YES|No|0.45|3.29|1|0.58|0.04|0.061338533|0.122951891|0.313207669|0.027665369|0.304|1|0|0|0|34526367|4|9|13|0.17378023|0.2606703451|0.3765238318|0.153846154|0.153846154|0.230769231|0.076923077|0.230769231|0.076923077|0.076923077|0|0|no call|6|1915.5614|p.Y578C / p.V825D|2|1|7856.7121|1.611655035|0|3|1294.6796|4|3217.7375|2|2918.7617|4|0|4|0|3|0|True|6|2|4|2|2
TCGA-XE-AAO3-01|1|1|Sem-MC|1|1|1|33|ASIAN|NOT HISPANIC OR LATINO|seminoma|seminoma|100||||||No|[Unknown]|[Unknown]|No|0.7|3.19|1|0.78|0.04|0.058422057|0.1191216|0.313954165|0.030418912|0.139|0|0|0|0|34613128|5|10|15|0.1733446339|0.2311261785|0.4333615847|0.066666667|0.133333333|0.4|0.133333333|0.133333333|0|0.133333333|0|0|no call|10|5122.5649|0|2|no call|1208.8426|0.595284348|0|3|1230.7203|4|4298.3721|2|1789.9939|3|0|3|0|3|0|True|10|2|8|2|2
TCGA-XE-AAO4-01|1|1|Sem-MC|1|1|1|40|WHITE|HISPANIC OR LATINO|seminoma|seminoma|100||||||[Unknown]|[Unknown]|[Unknown]|No|0.43|3.08|1|0.53|0.02|0.057173584|0.129279514|0.333866355|0.029134238|0.368|0|0|0|0|34431097|7|30|37|0.1161740505|0.6970443027|1.0746099667|0.243243243|0.189189189|0.378378378|0.027027027|0.108108108|0.027027027|0.027027027|0|0|no call|6|1497.4359|0|3|no call|5180.2376|2.115542441|0|4|1780.1126|4|3301.5635|2|2569.1057|2|0|2|0|3|0|True|6|2|4|2|2
TCGA-XE-AAO6-01|1|1|Sem-MC|1|1|1|47|WHITE|NOT HISPANIC OR LATINO|seminoma|seminoma|100||||||No|[Unknown]|[Unknown]|No|0.55|3.35|1|0.67|0.01|0.058960618|0.125506912|0.344707643|0.03072967|0.316|0|0|1|0|34403170|5|13|18|0.2034696221|0.3488050665|0.5232075998|0.055555556|0.166666667|0.444444444|0.055555556|0.055555556|0.055555556|0.166666667|0|0|no call|8|1532.3631|0|3|no call|2515.3153|1.772875608|p.Q61R|5|1259.5981|4|5282.3285|2|923.6313|5|0|3|0|3|0|True|8|4|4|2|2
TCGA-XE-AAOB-01|3|2|CpH-High|2|3|3|27|WHITE|NOT HISPANIC OR LATINO|non-seminoma|immature teratoma dominant||||2|98||No|NO|NO|No|0.37|2.88|1|0.46|0.21|0.09516441|0.194982546|0.582414379|0.069505514|0.442|0|0|0|0|34568800|4|15|19|0.0867834579|0.3182060124|0.5496285668|0.105263158|0.052631579|0.368421053|0.105263158|0.210526316|0.052631579|0.105263158|0|0|no call|7|1634.8039|0|2|no call|91.9118|-0.836782299|0|3|1784.3137|3|2139.0931|2|843.1373|3|0|3|0|3|0|True|7|2|5|2|1
TCGA-XE-AAOC-01|4|2|Mixed|3|2|2|31|WHITE|HISPANIC OR LATINO|non-seminoma|mature teratoma dominant||||90|10||No|[Unknown]|[Unknown]|No|0.9|2.57|1|0.92|0.04|0.082567989|0.218475304|0.619310228|0.037721305|0.103|0|0|0|0|34410528|7|18|25|0.1743652408|0.377791355|0.7265218366|0.12|0|0.52|0|0.2|0.04|0.12|0|0|no call|5|1844.349|0|2|no call|468.8384|-0.630798011|0|4|2872.1064|3|2359.6941|2|972.4521|3|0|3|0|2|0|True|5|2|3|2|1
TCGA-XE-AAOD-01|2|1|Sem-HC|1|2|1|39|WHITE|NOT HISPANIC OR LATINO|seminoma|seminoma|100||||||No|NO|YES|No|0.17|2.8|1|0.22|0.06|0.068463614|0.165961566|0.506922065|0.035666571|0.571|0|0|0|0|34161933|5|4|9|0.1756340896|0.1756340896|0.2634511343|0.111111111|0|0.555555556|0|0.333333333|0|0|0|0|no call|32|11067.8395|0|2|no call|1442.1015|-0.527049802|0|2|961.0796|4|2897.6985|1|864.2005|2|0|2|0|3|0|True|10|5|5|2|2
TCGA-XE-AAOF-01|3|1|Sem-MC|1|1|1|50|ASIAN|NOT HISPANIC OR LATINO|seminoma|seminoma|100||||||Yes; bilateral|[Unknown]|[Unknown]|No|0.34|2.99|1|0.44|0.11|0.046789056|0.141168503|0.381448305|0.025433437|0.44|1|0|1|0|34162138|2|18|20|0.146360863|0.585443452|0.585443452|0.15|0.25|0.45|0|0.1|0|0.05|0|0|no call|5|1459.8662|p.D816H|3|2|5968.2274|1.641422841|p.Q61K|3|1304.3478|3|3057.6923|2|2969.0635|3|0|3|0|3|0|True|5|2|3|2|1
TCGA-XE-AAOJ-01|3|2|Mixed|3|3|2|24|WHITE|HISPANIC OR LATINO|non-seminoma|yolk sac dominant|||70|30|||No|NO|NO|No|0.84|2.89|1|0.89|0.11|0.065215489|0.210267078|0.588737587|0.036132979|0.108|0|0|0|0|34006577|7|15|22|0.2646546872|0.411685069|0.6469336799|0.227272727|0.045454545|0.409090909|0|0.090909091|0.136363636|0.090909091|0|0|no call|11|3983.2138|0|2|no call|551.8447|0.215762571|0|3|2174.506|3|1780.7309|3|1102.99|3|0|3|0|2|0|True|11|2|9|2|1
TCGA-XE-AAOL-01|5|1|Sem-LC|1|1|1|38|BLACK OR AFRICAN AMERICAN|NOT HISPANIC OR LATINO|seminoma|seminoma|100||||||No|NO|NO|No|0.73|4.8|2|0.87|0.21|0.055456838|0.082763842|0.150268203|0.024569654|0.036|0|0|0|0|33985539|5|12|17|0.1176971182|0.3825156341|0.5002127523|0.176470588|0|0.470588235|0|0.235294118|0.058823529|0.058823529|0|0|no call|12|2426.0563|0|12|no call|7570.4225|2.152652131|0|4|864.4366|8|6184.8592|2, doubled|647.8873|4|0|4|0|6|0|True|12|4|8|4|4
TCGA-XY-A89B-01|3|1|Sem-MC|1|1|1|35|WHITE|NOT HISPANIC OR LATINO|seminoma|seminoma|100||||||No|NO|YES|No|0.35|2.83|1|0.43|0.01|0.064750526|0.138484933|0.374566399|0.028837278|0.402|0|0|1|0|34004775|8|26|34|0.176445808|0.5881526933|0.9998595785|0.058823529|0.117647059|0.411764706|0.176470588|0.117647059|0.058823529|0.029411765|0.029411765|0|no call|6|1859.0496|0|2|no call|5015.3872|1.286386083|p.Q61R|3|2033.1548|3|3052.9627|2|3458.6415|2|0|2|0|3|0|True|6|2|4|2|1
TCGA-XY-A8S2-01|4|3|CpH-High|2||3|67|WHITE|NOT HISPANIC OR LATINO|non-seminoma|embryonal||100|||||No|NO|NO|No|0.73|2.72|1|0.78|0.22|0.379026564|0.178154009|0.554584228|0.373822727|0.217|0|0|0|0|34214714|16|45|61|0.2922719155|1.1983148537|1.7828586847|0.114754098|0.213114754|0.31147541|0.098360656|0.06557377|0.06557377|0.131147541|0|0|no call|9|3815.8611|0|2|no call|269.2836||0|3|2581.1395|3|5978.7885|2|1471.1023|3|0|3|0|2|0|True|8|2|6|2|1
TCGA-XY-A8S3-01|3|3|CpH-High|2||3|24|WHITE|NOT HISPANIC OR LATINO|non-seminoma|embryonal dominant||65|30|||5|No|NO|YES|No|0.87|2.95|1|0.91|0.21|0.312764797|0.210666795|0.581743489|0.291435994|0.158|0|0|0|0|34005751|3|8|11|0.0882203719|0.1764407438|0.323474697|0.181818182|0.181818182|0.363636364|0.090909091|0|0|0.181818182|0|0|no call|8|3758.4641|0|2|no call|258.3842||0|3|2609.68|3|5329.2757|2|860.4603|3|0|3|0|3|0|True|8|2|6|2|1
TCGA-XY-A9T9-01|1|1|Sem-MC|1|1|1|37|WHITE|NOT HISPANIC OR LATINO|seminoma|seminoma|100||||||No|[Unknown]|[Unknown]|No|0.37|2.99|1|0.46|0.12|0.061407449|0.13950143|0.386191928|0.029473724|0.395|0|1|0|0|34139428|2|7|9|0.0878749345|0.3222080932|0.2636248036|0.222222222|0.222222222|0.555555556|0|0|0|0|0|p.A146V|2|7|3068.2618|0|4|no call|2756.61|0.866062914|0|3|1546.1948|3|2273.6503|2|2190.4092|3|0|3|0|3|0|True|7|1|6|1|2
TCGA-YU-A90P-01|4|3|CpH-High|2|4|3|25|WHITE|[Unknown]|non-seminoma|embryonal||100|||||No|NO|YES|No|0.54|2.66|1|0.61|0.13|0.355055589|0.208441829|0.594456174|0.356611947|0.369|0|0|0|0|34288634|2|9|11|0.1166567324|0.320806014|0.320806014|0|0.454545455|0.545454545|0|0|0|0|0|0|no call|13|4322.3522|0|16|no call|2805.022|0.813950422|0|3|3530.4217|3|5414.3148|2|947.3119|2|0|2|0|3|0|True|12|2|10|2|1
TCGA-YU-A90Q-01|1|1|Sem-LC|1|3|1|21|[Unknown]|[Unknown]|seminoma|seminoma|100||||||Yes; right testicle only|[Unknown]|[Unknown]|No|0.8|3.01|1|0.85|0|0.045517389|0.09306514|0.16058957|0.025593751|0.037|1|0|1|0|34108302|1|7|8|0|0.1465918767|0.2345470027|0.25|0.125|0.5|0|0|0|0.125|0|0|no call|4|1661.4011|p.D816H|3|1|12717.7198|1.821610439|p.G12S|3|1560.4396|4|4212.9121|2|4335.8516|3|0|3|0|3|0|False|4|2|2|2|2
TCGA-YU-A90S-01||1|Sem-HC|1|1|1|26|WHITE|[Unknown]|seminoma|seminoma|100||||||No|NO|YES|No|no call|no call|no call|no call|no call|0.05509039|0.168643906|0.527459284|0.028333963|0.688|1|0|0|0|34281890|1|3|4|0.0291699203|0.1458496016|0.1166796813|0.25|0|0|0|0.75|0|0|0|0|no call|no call|703.1917|p.K642E|no call|no call|2906.298|1.373179793|0|no call|1248.6772|no call|2920.6349|no call|1540.8773|no call|0|no call|0|no call|0|no call|no call|no call|no call|no call|no call
TCGA-YU-A90W-01|5|1|Sem-LC|1|1|1|45|WHITE|[Unknown]|seminoma|seminoma|100||||||No|YES|YES|No|0.51|4.8|2|0.72|0.16|0.057906764|0.115586092|0.281809626|0.028649589|0.227|0|0|0|0|34605133|6|18|24|0.2311795767|0.4912566006|0.6935387302|0.125|0.166666667|0.333333333|0.083333333|0.208333333|0|0.083333333|0|0|no call|9|3466.699|0|4|no call|3256.0961|1.464861759|0|5|1702.7781|6|3065.8741|2, doubled|1942.4967|5|0|6|0|5|0|True|9|4|5|4|2
TCGA-YU-A90Y-01|4|3|CpH-High|2|4|3|23|BLACK OR AFRICAN AMERICAN|[Unknown]|non-seminoma|embryonal dominant||90|10||||No|NO|NO|No|0.6|2.69|1|0.67|0.21|0.155120378|0.200806826|0.579528849|0.148209546|0.326|0|0|0|0|34539056|5|9|14|0.1158109243|0.4053382351|0.4053382351|0.285714286|0.071428571|0.357142857|0.071428571|0.142857143|0|0.071428571|0|0|no call|8|3933.3022|0|2|no call|511.6604|-0.572830502|0|2|1849.8134|3|3800.8396|3|1424.4403|3|0|3|0|2|0|True|8|2|6|2|1
TCGA-YU-A912-01|3|1|Sem-LC|1|1|1|34|BLACK OR AFRICAN AMERICAN|[Unknown]|seminoma|seminoma|100||||||Yes; left testicle only|NO|YES|No|0.67|2.79|1|0.74|0.03|0.060014362|0.112857248|0.24832966|0.02824824|0.229|1|0|0|0|34374874|1|15|16|0|0.2036371101|0.4654562516|0.125|0.1875|0.4375|0.0625|0.125|0.0625|0|0|0|no call|8|3619.5346|p.N822K|3|2|6433.712|1.021126382|0|3|1710.2409|4|5689.6846|2|3545.2933|2|0|2|0|3|0|True|8|3|5|3|1
TCGA-YU-A94D-01|5|2|Mixed|3||2|28|[Unknown]|[Unknown]|non-seminoma|immature teratoma dominant|||15||85||No|NO|NO|No|0.83|2.2|1|0.85|0.04|0.060229906|0.208402878|0.533079941|0.031485273|0.008|0|0|0|0|34342408|5|17|22|0.1747111035|0.4950147934|0.6406073797|0.318181818|0|0.272727273|0.090909091|0.136363636|0.045454545|0.136363636|0|0|no call|4|2398.4073|0|2|no call|433.7744||0|2|2189.4835|2|1711.2074|2|2136.0815|2|0|2|0|2|0|True|4|1|3|1|1
TCGA-YU-A94I-01|4|2|Mixed|3|2|2|66|[Unknown]|[Unknown]|non-seminoma|yolk sac|||100||||No|NO|NO|No|0.88|2.69|1|0.91|0.24|0.080045313|0.218635697|0.55269457|0.041968548|0.037|0|0|0|0|34137113|9|39|48|0.23434905|1.1131579873|1.4060942998|0.104166667|0.125|0.5|0.125|0.0625|0.020833333|0.0625|0|0|no call|8|4477.4044|0|2|no call|2543.8987|-0.386789647|0|2|3295.1243|3|2123.897|3|2401.2835|4|0|3|0|2|0|True|7|2|5|2|1
TCGA-YU-AA4L-01|4|2|Mixed|3||2|27|BLACK OR AFRICAN AMERICAN|[Unknown]|non-seminoma|yolk sac|||100||||No|NO|YES|No|0.84|2.78|1|0.88|0.18|0.072275046|0.152718303|0.46655329|0.040477427|0.024|0|0|0|0|34170910|5|8|13|0.1170586326|0.2633819234|0.380440556|0|0|0.384615385|0|0.153846154|0.230769231|0.230769231|0|0|no call|6|3411.8931|0|3|no call|1858.156||0|3|3288.0524|3|3307.6923|3|1478.9962|3|0|3|0|2|0|True|6|2|4|2|1
TCGA-YU-AA61-01|3|2|CpH-High|3|2|2|29|WHITE|[Unknown]|non-seminoma|yolk sac dominant|5||70|25|||No|NO|NO|No|0.6|2.85|1|0.68|0.2|0.109810681|0.216236169|0.573707728|0.063823017|0.3|0|0|0|0|33314548|2|13|15|0.1500845817|0.4202368287|0.450253745|0.266666667|0.066666667|0.333333333|0.066666667|0.2|0.066666667|0|0|0|no call|5|2624.3508|0|2|no call|1495.6722|-0.681524858|0|3|2482.4005|3|2599.5384|2|1065.7819|3|0|3|0|3|0|True|5|2|3|2|1
TCGA-ZM-AA05-01||1|Sem-MC|1|1|1|36|WHITE|NOT HISPANIC OR LATINO|seminoma|seminoma|100||||||No|NO|NO|No|no call|no call|no call|no call|no call|0.053747013|0.138507585|0.392611219|0.024178709|0.435|1|1|0|0|33882402|4|17|21|0.0885415385|0.560763077|0.6197907693|0.19047619|0.142857143|0.380952381|0.095238095|0.095238095|0.047619048|0.047619048|0|p.G12V|no call|no call|409.8573|c.2446G>T|no call|no call|1512.3217|1.938403639|0|no call|1136.1868|no call|4281.4527|no call|1221.7899|no call|0|no call|0|no call|0|no call|no call|no call|no call|no call|no call
TCGA-ZM-AA06-01|3|1|Sem-MC|1||1|45|WHITE|NOT HISPANIC OR LATINO|seminoma|seminoma|100||||||No|NO|YES|No|0.58|2.67|1|0.65|0.01|0.059176472|0.127647645|0.319729605|0.031717219|0.276|0|0|0|0|34349648|6|13|19|0.174674279|0.4366856976|0.553135217|0.157894737|0.052631579|0.315789474|0.052631579|0.210526316|0.052631579|0.105263158|0.052631579|0|no call|4|603.4799|0|2|no call|2190.4762||0|3|756.4103|54|17195.0549|2|745.4212|2|0|2|0|3|0|False|4|2|2|1|1
TCGA-ZM-AA0B-01|2|1|Sem-MC|1|1|1|32|WHITE|NOT HISPANIC OR LATINO|seminoma|seminoma|100||||||No|NO|NO|No|0.48|2.97|1|0.58|0.01|0.059833676|0.131386646|0.367477232|0.030208454|0.341|0|0|0|0|34235734|5|9|14|0.1460462334|0.2628832202|0.4089294537|0.071428571|0.214285714|0.5|0|0.142857143|0|0.071428571|0|0|no call|46|8738.9341|0|3|no call|1230.9545|1.170504005|0|3|1117.7356|32|12644.9864|1|873.8332|3|0|3|0|3|0|True|6|2|4|2|1
TCGA-ZM-AA0D-01||1|Sem-MC|1|1|1|34|WHITE|NOT HISPANIC OR LATINO|seminoma|seminoma|100||||||No|NO|YES|No|no call|no call|no call|no call|no call|0.070338757|0.158250745|0.458142309|0.033232453|0.578|1|0|0|0|33884425|3|6|9|0.0885362523|0.1770725046|0.2656087568|0.222222222|0|0.555555556|0|0.111111111|0|0.111111111|0|0|no call|no call|920.442|p.D816Y|no call|no call|5169.0608|2.067600193|0|no call|1226.5193|no call|2602.2099|no call|3428.7293|no call|0|no call|0|no call|0|no call|no call|no call|no call|no call|no call
TCGA-ZM-AA0E-01|1|1|Sem-MC|1|1|1|39|WHITE|NOT HISPANIC OR LATINO|seminoma|seminoma|100||||||No|NO|YES|No|0.28|3.12|1|0.37|0.02|0.050707717|0.142883682|0.410823664|0.026403994|0.512|1|0|0|0|34361894|2|9|11|0.087306014|0.1746120281|0.3201220515|0.181818182|0.090909091|0.272727273|0|0.363636364|0|0.090909091|0|0|no call|7|1426.2626|p.L576P|2|1|2616.1616|1.245164734|0|3|1108.0808|3|2535.3535|2|1673.7374|3|0|3|0|3|0|True|7|2|5|2|1
TCGA-ZM-AA0F-01||1|Sem-MC|1||1|35|WHITE|NOT HISPANIC OR LATINO|seminoma|seminoma|100||||||No|NO|YES|No|no call|no call|no call|no call|no call|0.065467399|0.159837706|0.478999037|0.031242318|0.625|1|0|0|0|34306434|5|1|6|0.0582981023|0.0291490512|0.174894307|0|0|0.333333333|0|0.333333333|0|0.333333333|0|0|no call|no call|756.8093|p.565_574GNNYVYIDPT>A|no call|no call|3906.6148||0|no call|1205.2529|no call|4907.5875|no call|3552.5292|no call|0|no call|0|no call|0|no call|no call|no call|no call|no call|no call
TCGA-ZM-AA0H-01|1|1|Sem-MC|1||1|50|WHITE|NOT HISPANIC OR LATINO|seminoma|seminoma|100||||||No|NO|YES|No|0.26|3.31|1|0.37|0.07|0.055314046|0.141046987|0.386911257|0.027722087|0.431|1|0|0|0|34525231|13|24|37|0.2896432467|0.5213578441|1.0716800128|0.162162162|0.216216216|0.351351351|0.081081081|0.108108108|0.054054054|0.027027027|0|0|no call|6|694.697|p.A829P|3|2|2934.8485||0|5|1124.2424|4|4114.3939|2|693.1818|3|0|3|0|3|0|True|6|3|3|1|3
TCGA-ZM-AA0N-01|1|1|Sem-HC|1||1|44|WHITE|NOT HISPANIC OR LATINO|seminoma|seminoma|100||||||No|NO|YES|No|0.33|3.51|1|0.46|0.1|0.067898852|0.148149393|0.424984515|0.032551064|0.39|0|0|0|0|33953612|7|18|25|0.1767116853|0.4123272658|0.7362986889|0.16|0.12|0.48|0.04|0.2|0|0|0|0|no call|8|1511.6537|0|4|no call|1478.3574||0|4|850.1665|6|3875.6937|2|744.7281|4|0|4|0|3|0|False|8|3|5|2|4
