"Organism","Cluster ID","Name","Accession","Chromosome","Strand","Start","Stop","Precursors in cluster","Spanning size of cluster"
"Homo sapiens","hsa_2","hsa-mir-30e","MI0000749","chr1","+","40754355","40754446","2","3018"
"Homo sapiens","hsa_2","hsa-mir-30c-1","MI0000736","chr1","+","40757284","40757372","2","3018"
"Homo sapiens","hsa_3","hsa-mir-4421","MI0016758","chr1","+","51059837","51059905","2","267"
"Homo sapiens","hsa_3","hsa-mir-6500","MI0022211","chr1","+","51060018","51060103","2","267"
"Homo sapiens","hsa_5","hsa-mir-3116-1","MI0014128","chr1","+","62078786","62078859","2","71"
"Homo sapiens","hsa_5","hsa-mir-3116-2","MI0014129","chr1","-","62078789","62078856","2","71"
"Homo sapiens","hsa_6","hsa-mir-3671","MI0016072","chr1","-","65057755","65057842","2","754"
"Homo sapiens","hsa_6","hsa-mir-101-1","MI0000103","chr1","-","65058434","65058508","2","754"
"Homo sapiens","hsa_7","hsa-mir-2682","MI0012063","chr1","-","98045242","98045351","2","930"
"Homo sapiens","hsa_7","hsa-mir-137","MI0000454","chr1","-","98046070","98046171","2","930"
"Homo sapiens","hsa_8","hsa-mir-3119-1","MI0014134","chr1","-","170151378","170151462","2","85"
"Homo sapiens","hsa_8","hsa-mir-3119-2","MI0014135","chr1","+","170151378","170151462","2","85"
"Homo sapiens","hsa_9","hsa-mir-1295a","MI0006357","chr1","-","171101728","171101806","2","71"
"Homo sapiens","hsa_9","hsa-mir-1295b","MI0019146","chr1","+","171101739","171101798","2","71"
"Homo sapiens","hsa_11","hsa-mir-181b-1","MI0000270","chr1","-","198858873","198858982","2","281"
"Homo sapiens","hsa_11","hsa-mir-181a-1","MI0000289","chr1","-","198859044","198859153","2","281"
"Homo sapiens","hsa_12","hsa-mir-29c","MI0000735","chr1","-","207801852","207801939","2","672"
"Homo sapiens","hsa_12","hsa-mir-29b-2","MI0000107","chr1","-","207802443","207802523","2","672"
"Homo sapiens","hsa_13","hsa-mir-215","MI0000291","chr1","-","220117853","220117962","2","389"
"Homo sapiens","hsa_13","hsa-mir-194-1","MI0000488","chr1","-","220118157","220118241","2","389"
"Homo sapiens","hsa_14","hsa-mir-3155a","MI0014183","chr10","+","6152196","6152277","2","67"
"Homo sapiens","hsa_14","hsa-mir-3155b","MI0016839","chr10","-","6152207","6152262","2","67"
"Homo sapiens","hsa_15","hsa-mir-4679-2","MI0017311","chr10","-","89063335","89063411","2","76"
"Homo sapiens","hsa_15","hsa-mir-4679-1","MI0017310","chr10","+","89063336","89063410","2","76"
"Homo sapiens","hsa_16","hsa-mir-3158-1","MI0014186","chr10","+","101601417","101601497","2","81"
"Homo sapiens","hsa_16","hsa-mir-3158-2","MI0014187","chr10","-","101601417","101601497","2","81"
"Homo sapiens","hsa_17","hsa-mir-6715a","MI0022548","chr10","+","112299612","112299690","2","77"
"Homo sapiens","hsa_17","hsa-mir-6715b","MI0022549","chr10","-","112299612","112299688","2","77"
"Homo sapiens","hsa_18","hsa-mir-3160-1","MI0014189","chr11","-","46451805","46451889","2","83"
"Homo sapiens","hsa_18","hsa-mir-3160-2","MI0014190","chr11","+","46451807","46451887","2","83"
"Homo sapiens","hsa_19","hsa-mir-6748","MI0022593","chr11","+","62789815","62789885","2","2957"
"Homo sapiens","hsa_19","hsa-mir-6514","MI0022226","chr11","-","62792702","62792771","2","2957"
"Homo sapiens","hsa_21","hsa-mir-7113","MI0022964","chr11","+","68032864","68032922","2","1118"
"Homo sapiens","hsa_21","hsa-mir-4691","MI0017324","chr11","+","68033897","68033981","2","1118"
"Homo sapiens","hsa_22","hsa-mir-34b","MI0000742","chr11","+","111512938","111513021","2","578"
"Homo sapiens","hsa_22","hsa-mir-34c","MI0000743","chr11","+","111513439","111513515","2","578"
"Homo sapiens","hsa_23","hsa-let-7a-2","MI0000061","chr11","-","122146522","122146593","2","5787"
"Homo sapiens","hsa_23","hsa-mir-100","MI0000102","chr11","-","122152229","122152308","2","5787"
"Homo sapiens","hsa_24","hsa-mir-200c","MI0000650","chr12","+","6963699","6963766","2","493"
"Homo sapiens","hsa_24","hsa-mir-141","MI0000457","chr12","+","6964097","6964191","2","493"
"Homo sapiens","hsa_25","hsa-mir-6758","MI0022603","chr12","+","57512688","57512750","2","6572"
"Homo sapiens","hsa_25","hsa-mir-616","MI0003629","chr12","-","57519163","57519259","2","6572"
"Homo sapiens","hsa_26","hsa-mir-548c","MI0003630","chr12","+","64622509","64622605","2","97"
"Homo sapiens","hsa_26","hsa-mir-548z","MI0016688","chr12","-","64622509","64622605","2","97"
"Homo sapiens","hsa_27","hsa-mir-3913-1","MI0016417","chr12","-","69584722","69584823","2","101"
"Homo sapiens","hsa_27","hsa-mir-3913-2","MI0016418","chr12","+","69584723","69584822","2","101"
"Homo sapiens","hsa_28","hsa-mir-5700","MI0019307","chr12","+","94561789","94561859","2","9564"
"Homo sapiens","hsa_28","hsa-mir-7844","MI0025514","chr12","-","94571231","94571352","2","9564"
"Homo sapiens","hsa_29","hsa-mir-331","MI0000812","chr12","+","95308420","95308513","2","1565"
"Homo sapiens","hsa_29","hsa-mir-3685","MI0016086","chr12","+","95309923","95309984","2","1565"
"Homo sapiens","hsa_30","hsa-mir-16-1","MI0000070","chr13","-","50048973","50049061","2","229"
"Homo sapiens","hsa_30","hsa-mir-15a","MI0000069","chr13","-","50049119","50049201","2","229"
"Homo sapiens","hsa_32","hsa-mir-151b","MI0003772","chr14","-","100109419","100109514","2","335"
"Homo sapiens","hsa_32","hsa-mir-342","MI0000805","chr14","+","100109655","100109753","2","335"
"Homo sapiens","hsa_35","hsa-mir-203a","MI0000283","chr14","+","104117405","104117514","2","99"
"Homo sapiens","hsa_35","hsa-mir-203b","MI0017343","chr14","-","104117418","104117503","2","99"
"Homo sapiens","hsa_37","hsa-mir-7973-2","MI0025749","chr15","-","51314032","51314107","2","78"
"Homo sapiens","hsa_37","hsa-mir-7973-1","MI0025748","chr15","+","51314034","51314109","2","78"
"Homo sapiens","hsa_39","hsa-mir-5587","MI0019144","chr16","+","535316","535368","2","8051"
"Homo sapiens","hsa_39","hsa-mir-3176","MI0014210","chr16","+","543277","543366","2","8051"
"Homo sapiens","hsa_40","hsa-mir-4516","MI0016882","chr16","+","2133119","2133204","2","3011"
"Homo sapiens","hsa_40","hsa-mir-3180-5","MI0016409","chr16","-","2135977","2136129","2","3011"
"Homo sapiens","hsa_42","hsa-mir-193b","MI0003137","chr16","+","14303967","14304049","2","5405"
"Homo sapiens","hsa_42","hsa-mir-365a","MI0000767","chr16","+","14309285","14309371","2","5405"
"Homo sapiens","hsa_44","hsa-mir-6511a-1","MI0022223","chr16","+","14925937","14926003","2","4943"
"Homo sapiens","hsa_44","hsa-mir-6770-1","MI0022615","chr16","+","14930820","14930879","2","4943"
"Homo sapiens","hsa_46","hsa-mir-6511a-2","MI0023564","chr16","+","16324588","16324654","2","4777"
"Homo sapiens","hsa_46","hsa-mir-6770-2","MI0026418","chr16","+","16329305","16329364","2","4777"
"Homo sapiens","hsa_48","hsa-mir-3670-4","MI0031514","chr16","-","18488301","18488365","2","6276"
"Homo sapiens","hsa_48","hsa-mir-3179-4","MI0031510","chr16","-","18494493","18494576","2","6276"
"Homo sapiens","hsa_49","hsa-mir-132","MI0000449","chr17","-","2049908","2050008","2","473"
"Homo sapiens","hsa_49","hsa-mir-212","MI0000288","chr17","-","2050271","2050380","2","473"
"Homo sapiens","hsa_50","hsa-mir-6864","MI0022711","chr17","-","4969702","4969771","2","449"
"Homo sapiens","hsa_50","hsa-mir-6865","MI0022712","chr17","-","4970086","4970150","2","449"
"Homo sapiens","hsa_51","hsa-mir-4520-1","MI0016886","chr17","-","6655440","6655509","2","63"
"Homo sapiens","hsa_51","hsa-mir-4520-2","MI0017358","chr17","+","6655449","6655502","2","63"
"Homo sapiens","hsa_52","hsa-mir-195","MI0000489","chr17","-","7017615","7017701","2","408"
"Homo sapiens","hsa_52","hsa-mir-497","MI0003138","chr17","-","7017911","7018022","2","408"
"Homo sapiens","hsa_53","hsa-mir-6777","MI0022622","chr17","-","17813480","17813545","2","452"
"Homo sapiens","hsa_53","hsa-mir-33b","MI0003646","chr17","-","17813836","17813931","2","452"
"Homo sapiens","hsa_55","hsa-mir-423","MI0001445","chr17","+","30117079","30117172","2","82"
"Homo sapiens","hsa_55","hsa-mir-3184","MI0014226","chr17","-","30117086","30117160","2","82"
"Homo sapiens","hsa_56","hsa-mir-4725","MI0017362","chr17","+","31575269","31575358","2","253"
"Homo sapiens","hsa_56","hsa-mir-365b","MI0000769","chr17","+","31575411","31575521","2","253"
"Homo sapiens","hsa_57","hsa-mir-142","MI0000458","chr17","-","58331232","58331318","2","4791"
"Homo sapiens","hsa_57","hsa-mir-4736","MI0017373","chr17","-","58335976","58336022","2","4791"
"Homo sapiens","hsa_58","hsa-mir-3064","MI0017375","chr17","-","64500774","64500839","2","540"
"Homo sapiens","hsa_58","hsa-mir-5047","MI0017932","chr17","-","64501214","64501313","2","540"
"Homo sapiens","hsa_59","hsa-mir-548d-2","MI0003671","chr17","-","67471489","67471585","2","97"
"Homo sapiens","hsa_59","hsa-mir-548aa-2","MI0016690","chr17","+","67471489","67471585","2","97"
"Homo sapiens","hsa_60","hsa-mir-4524b","MI0019114","chr17","+","69099542","69099656","2","91"
"Homo sapiens","hsa_60","hsa-mir-4524a","MI0016891","chr17","-","69099564","69099632","2","91"
"Homo sapiens","hsa_62","hsa-mir-133a-1","MI0000450","chr18","-","21825698","21825785","2","3391"
"Homo sapiens","hsa_62","hsa-mir-1-2","MI0000437","chr18","-","21829004","21829088","2","3391"
"Homo sapiens","hsa_63","hsa-mir-5583-2","MI0019140","chr18","-","39676719","39676777","2","61"
"Homo sapiens","hsa_63","hsa-mir-5583-1","MI0019139","chr18","+","39676721","39676779","2","61"
"Homo sapiens","hsa_64","hsa-mir-122","MI0000442","chr18","+","58451074","58451158","2","79"
"Homo sapiens","hsa_64","hsa-mir-3591","MI0017383","chr18","-","58451080","58451152","2","79"
"Homo sapiens","hsa_65","hsa-mir-4745","MI0017384","chr19","+","804940","805001","2","8714"
"Homo sapiens","hsa_65","hsa-mir-3187","MI0014231","chr19","+","813584","813653","2","8714"
"Homo sapiens","hsa_66","hsa-mir-1227","MI0006316","chr19","-","2234062","2234149","2","1865"
"Homo sapiens","hsa_66","hsa-mir-6789","MI0022634","chr19","-","2235829","2235926","2","1865"
"Homo sapiens","hsa_67","hsa-mir-6885","MI0022732","chr19","-","6389638","6389703","2","3346"
"Homo sapiens","hsa_67","hsa-mir-6790","MI0022635","chr19","-","6392921","6392983","2","3346"
"Homo sapiens","hsa_69","hsa-mir-181c","MI0000271","chr19","+","13874699","13874808","2","313"
"Homo sapiens","hsa_69","hsa-mir-181d","MI0003139","chr19","+","13874875","13875011","2","313"
"Homo sapiens","hsa_70","hsa-mir-642a","MI0003657","chr19","+","45674928","45675024","2","81"
"Homo sapiens","hsa_70","hsa-mir-642b","MI0016685","chr19","-","45674932","45675008","2","81"
"Homo sapiens","hsa_71","hsa-mir-3190","MI0014235","chr19","+","47226942","47227021","2","78"
"Homo sapiens","hsa_71","hsa-mir-3191","MI0014236","chr19","-","47226944","47227019","2","78"
"Homo sapiens","hsa_76","hsa-mir-217","MI0000293","chr2","-","55982967","55983076","2","6093"
"Homo sapiens","hsa_76","hsa-mir-216a","MI0000292","chr2","-","55988950","55989059","2","6093"
"Homo sapiens","hsa_77","hsa-mir-4433b","MI0025511","chr2","-","64340747","64340848","2","93"
"Homo sapiens","hsa_77","hsa-mir-4433a","MI0016773","chr2","+","64340759","64340839","2","93"
"Homo sapiens","hsa_78","hsa-mir-4773-1","MI0017415","chr2","+","151368334","151368411","2","78"
"Homo sapiens","hsa_78","hsa-mir-4773-2","MI0017416","chr2","-","151368334","151368411","2","78"
"Homo sapiens","hsa_79","hsa-mir-1245a","MI0006380","chr2","+","188978092","188978161","2","70"
"Homo sapiens","hsa_79","hsa-mir-1245b","MI0017431","chr2","-","188978093","188978161","2","70"
"Homo sapiens","hsa_80","hsa-mir-3130-1","MI0014147","chr2","-","206783234","206783308","2","75"
"Homo sapiens","hsa_80","hsa-mir-3130-2","MI0014148","chr2","+","206783234","206783308","2","75"
"Homo sapiens","hsa_81","hsa-mir-4776-1","MI0017419","chr2","+","212926257","212926336","2","80"
"Homo sapiens","hsa_81","hsa-mir-4776-2","MI0017420","chr2","-","212926257","212926336","2","80"
"Homo sapiens","hsa_82","hsa-mir-103a-2","MI0000108","chr20","+","3917494","3917571","2","70"
"Homo sapiens","hsa_82","hsa-mir-103b-2","MI0007262","chr20","-","3917502","3917563","2","70"
"Homo sapiens","hsa_83","hsa-mir-499a","MI0003183","chr20","+","34990376","34990497","2","97"
"Homo sapiens","hsa_83","hsa-mir-499b","MI0017396","chr20","-","34990400","34990472","2","97"
"Homo sapiens","hsa_84","hsa-mir-296","MI0000747","chr20","-","58817615","58817694","2","699"
"Homo sapiens","hsa_84","hsa-mir-298","MI0005523","chr20","-","58818226","58818313","2","699"
"Homo sapiens","hsa_86","hsa-mir-1914","MI0008335","chr20","-","63941465","63941544","2","1262"
"Homo sapiens","hsa_86","hsa-mir-647","MI0003662","chr20","-","63942631","63942726","2","1262"
"Homo sapiens","hsa_88","hsa-mir-3648-2","MI0031512","chr21","+","8986999","8987178","2","432"
"Homo sapiens","hsa_88","hsa-mir-3687-2","MI0031515","chr21","+","8987370","8987430","2","432"
"Homo sapiens","hsa_89","hsa-mir-99a","MI0000101","chr21","+","16539089","16539169","2","823"
"Homo sapiens","hsa_89","hsa-let-7c","MI0000064","chr21","+","16539828","16539911","2","823"
"Homo sapiens","hsa_90","hsa-mir-3618","MI0016008","chr22","+","20085746","20085833","2","397"
"Homo sapiens","hsa_90","hsa-mir-1306","MI0006443","chr22","+","20086058","20086142","2","397"
"Homo sapiens","hsa_91","hsa-mir-301b","MI0005568","chr22","+","21652981","21653058","2","405"
"Homo sapiens","hsa_91","hsa-mir-130b","MI0000748","chr22","+","21653304","21653385","2","405"
"Homo sapiens","hsa_92","hsa-mir-3199-1","MI0014247","chr22","-","27920525","27920612","2","87"
"Homo sapiens","hsa_92","hsa-mir-3199-2","MI0014248","chr22","+","27920526","27920611","2","87"
"Homo sapiens","hsa_93","hsa-mir-3909","MI0016413","chr22","+","35335640","35335758","2","1160"
"Homo sapiens","hsa_93","hsa-mir-6069","MI0020346","chr22","-","35336721","35336799","2","1160"
"Homo sapiens","hsa_94","hsa-mir-658","MI0003682","chr22","-","37844272","37844371","2","3503"
"Homo sapiens","hsa_94","hsa-mir-659","MI0003683","chr22","-","37847678","37847774","2","3503"
"Homo sapiens","hsa_96","hsa-mir-425","MI0001448","chr3","-","49020148","49020234","2","562"
"Homo sapiens","hsa_96","hsa-mir-191","MI0000465","chr3","-","49020618","49020709","2","562"
"Homo sapiens","hsa_97","hsa-mir-15b","MI0000438","chr3","+","160404588","160404685","2","238"
"Homo sapiens","hsa_97","hsa-mir-16-2","MI0000115","chr3","+","160404745","160404825","2","238"
"Homo sapiens","hsa_98","hsa-mir-4450","MI0016795","chr4","+","76573568","76573632","2","2059"
"Homo sapiens","hsa_98","hsa-mir-548ah","MI0016796","chr4","+","76575551","76575626","2","2059"
"Homo sapiens","hsa_100","hsa-mir-3688-1","MI0016089","chr4","-","159128802","159128894","2","90"
"Homo sapiens","hsa_100","hsa-mir-3688-2","MI0017447","chr4","+","159128805","159128891","2","90"
"Homo sapiens","hsa_102","hsa-mir-143","MI0000459","chr5","+","149428918","149429023","2","1816"
"Homo sapiens","hsa_102","hsa-mir-145","MI0000461","chr5","+","149430646","149430733","2","1816"
"Homo sapiens","hsa_103","hsa-mir-103a-1","MI0000109","chr5","-","168560896","168560973","2","70"
"Homo sapiens","hsa_103","hsa-mir-103b-1","MI0007261","chr5","+","168560904","168560965","2","70"
"Homo sapiens","hsa_104","hsa-mir-7853","MI0025523","chr6","-","6169304","6169435","2","106"
"Homo sapiens","hsa_104","hsa-mir-5683","MI0019284","chr6","+","6169334","6169409","2","106"
"Homo sapiens","hsa_105","hsa-mir-6721","MI0022556","chr6","-","32170030","32170116","2","9847"
"Homo sapiens","hsa_105","hsa-mir-6833","MI0022678","chr6","+","32179816","32179876","2","9847"
"Homo sapiens","hsa_106","hsa-mir-6873","MI0022720","chr6","-","33287227","33287289","2","3099"
"Homo sapiens","hsa_106","hsa-mir-6834","MI0022679","chr6","+","33290245","33290325","2","3099"
"Homo sapiens","hsa_107","hsa-mir-206","MI0000490","chr6","+","52144349","52144434","2","4693"
"Homo sapiens","hsa_107","hsa-mir-133b","MI0000822","chr6","+","52148923","52149041","2","4693"
"Homo sapiens","hsa_108","hsa-mir-550a-1","MI0003600","chr7","+","30289794","30289890","2","97"
"Homo sapiens","hsa_108","hsa-mir-550b-1","MI0016686","chr7","-","30289794","30289890","2","97"
"Homo sapiens","hsa_109","hsa-mir-550a-2","MI0003601","chr7","+","32732981","32733077","2","97"
"Homo sapiens","hsa_109","hsa-mir-550b-2","MI0016687","chr7","-","32732981","32733077","2","97"
"Homo sapiens","hsa_110","hsa-mir-3914-1","MI0016419","chr7","-","71307672","71307770","2","97"
"Homo sapiens","hsa_110","hsa-mir-3914-2","MI0016421","chr7","+","71307674","71307768","2","97"
"Homo sapiens","hsa_111","hsa-mir-653","MI0003674","chr7","-","93482760","93482855","2","1260"
"Homo sapiens","hsa_111","hsa-mir-489","MI0003124","chr7","-","93483936","93484019","2","1260"
"Homo sapiens","hsa_112","hsa-mir-5692a-1","MI0019297","chr7","+","97963658","97963726","2","824"
"Homo sapiens","hsa_112","hsa-mir-5692c-2","MI0019289","chr7","-","97964405","97964481","2","824"
"Homo sapiens","hsa_114","hsa-mir-5090","MI0017979","chr7","+","102465742","102465826","2","5790"
"Homo sapiens","hsa_114","hsa-mir-4467","MI0016818","chr7","+","102471469","102471531","2","5790"
"Homo sapiens","hsa_116","hsa-mir-29a","MI0000087","chr7","-","130876747","130876810","2","793"
"Homo sapiens","hsa_116","hsa-mir-29b-1","MI0000105","chr7","-","130877459","130877539","2","793"
"Homo sapiens","hsa_117","hsa-mir-4659a","MI0017287","chr8","+","6745164","6745244","2","77"
"Homo sapiens","hsa_117","hsa-mir-4659b","MI0017291","chr8","-","6745168","6745240","2","77"
"Homo sapiens","hsa_119","hsa-mir-3622b","MI0016014","chr8","-","27701673","27701767","2","87"
"Homo sapiens","hsa_119","hsa-mir-3622a","MI0016013","chr8","+","27701677","27701759","2","87"
"Homo sapiens","hsa_120","hsa-mir-486-1","MI0002470","chr8","-","41660441","41660508","2","67"
"Homo sapiens","hsa_120","hsa-mir-486-2","MI0023622","chr8","+","41660444","41660507","2","67"
"Homo sapiens","hsa_121","hsa-mir-5681a","MI0019281","chr8","+","74548543","74548617","2","67"
"Homo sapiens","hsa_121","hsa-mir-5681b","MI0019293","chr8","-","74548550","74548609","2","67"
"Homo sapiens","hsa_122","hsa-mir-3150b","MI0016426","chr8","-","95072911","95072996","2","83"
"Homo sapiens","hsa_122","hsa-mir-3150a","MI0014177","chr8","+","95072914","95072993","2","83"
"Homo sapiens","hsa_123","hsa-mir-599","MI0003611","chr8","-","99536636","99536730","2","226"
"Homo sapiens","hsa_123","hsa-mir-875","MI0005541","chr8","-","99536786","99536861","2","226"
"Homo sapiens","hsa_124","hsa-mir-548d-1","MI0003668","chr8","-","123348034","123348130","2","97"
"Homo sapiens","hsa_124","hsa-mir-548aa-1","MI0016689","chr8","+","123348034","123348130","2","97"
"Homo sapiens","hsa_125","hsa-mir-4662b","MI0017293","chr8","-","124821978","124822058","2","74"
"Homo sapiens","hsa_125","hsa-mir-4662a","MI0017290","chr8","+","124821985","124822051","2","74"
"Homo sapiens","hsa_126","hsa-mir-30b","MI0000441","chr8","-","134800520","134800607","2","4426"
"Homo sapiens","hsa_126","hsa-mir-30d","MI0000255","chr8","-","134804876","134804945","2","4426"
"Homo sapiens","hsa_128","hsa-mir-3910-1","MI0016414","chr9","+","91636251","91636361","2","95"
"Homo sapiens","hsa_128","hsa-mir-3910-2","MI0016431","chr9","-","91636264","91636345","2","95"
"Homo sapiens","hsa_131","hsa-mir-181a-2","MI0000269","chr9","+","124692442","124692551","2","1357"
"Homo sapiens","hsa_131","hsa-mir-181b-2","MI0000683","chr9","+","124693710","124693798","2","1357"
"Homo sapiens","hsa_132","hsa-mir-3960","MI0016964","chr9","+","127785833","127785923","2","175"
"Homo sapiens","hsa_132","hsa-mir-2861","MI0013006","chr9","+","127785918","127786007","2","175"
"Homo sapiens","hsa_133","hsa-mir-199b","MI0000282","chr9","-","128244721","128244830","2","310"
"Homo sapiens","hsa_133","hsa-mir-3154","MI0014182","chr9","-","128244947","128245030","2","310"
"Homo sapiens","hsa_134","hsa-mir-219a-2","MI0000740","chr9","-","128392618","128392714","2","91"
"Homo sapiens","hsa_134","hsa-mir-219b","MI0017299","chr9","+","128392621","128392708","2","91"
"Homo sapiens","hsa_136","hsa-mir-221","MI0000298","chrX","-","45746157","45746266","2","968"
"Homo sapiens","hsa_136","hsa-mir-222","MI0000299","chrX","-","45747015","45747124","2","968"
"Homo sapiens","hsa_138","hsa-mir-6895","MI0022742","chrX","-","53195411","53195488","2","3535"
"Homo sapiens","hsa_138","hsa-mir-6894","MI0022741","chrX","-","53198889","53198945","2","3535"
"Homo sapiens","hsa_139","hsa-mir-98","MI0000100","chrX","-","53556223","53556341","2","1052"
"Homo sapiens","hsa_139","hsa-let-7f-2","MI0000068","chrX","-","53557192","53557274","2","1052"
"Homo sapiens","hsa_140","hsa-mir-4536-1","MI0016906","chrX","-","55451495","55451582","2","88"
"Homo sapiens","hsa_140","hsa-mir-4536-2","MI0019149","chrX","+","55451495","55451582","2","88"
"Homo sapiens","hsa_142","hsa-mir-545","MI0003516","chrX","-","74287104","74287209","2","254"
"Homo sapiens","hsa_142","hsa-mir-374a","MI0000782","chrX","-","74287286","74287357","2","254"
"Homo sapiens","hsa_143","hsa-mir-1912","MI0008333","chrX","+","114651544","114651623","2","1180"
"Homo sapiens","hsa_143","hsa-mir-1264","MI0003758","chrX","+","114652655","114652723","2","1180"
"Homo sapiens","hsa_147","hsa-mir-513c","MI0006649","chrX","-","147189704","147189787","2","9424"
"Homo sapiens","hsa_147","hsa-mir-513b","MI0006648","chrX","-","147199044","147199127","2","9424"
"Homo sapiens","hsa_151","hsa-mir-224","MI0000301","chrX","-","151958578","151958658","2","1135"
"Homo sapiens","hsa_151","hsa-mir-452","MI0001733","chrX","-","151959628","151959712","2","1135"
"Homo sapiens","hsa_153","hsa-mir-3202-1","MI0014252","chrX","+","153981097","153981177","2","80"
"Homo sapiens","hsa_153","hsa-mir-3202-2","MI0014253","chrX","-","153981098","153981176","2","80"
"Homo sapiens","hsa_1","hsa-mir-200b","MI0000342","chr1","+","1167104","1167198","3","1984"
"Homo sapiens","hsa_1","hsa-mir-200a","MI0000737","chr1","+","1167863","1167952","3","1984"
"Homo sapiens","hsa_1","hsa-mir-429","MI0001641","chr1","+","1169005","1169087","3","1984"
"Homo sapiens","hsa_4","hsa-mir-1273f","MI0018002","chr1","+","52928674","52928772","3","11740"
"Homo sapiens","hsa_4","hsa-mir-5095","MI0018001","chr1","+","52934930","52935017","3","11740"
"Homo sapiens","hsa_4","hsa-mir-1273g","MI0018003","chr1","+","52940314","52940413","3","11740"
"Homo sapiens","hsa_10","hsa-mir-214","MI0000290","chr1","-","172138798","172138907","3","5847"
"Homo sapiens","hsa_10","hsa-mir-3120","MI0014136","chr1","+","172138808","172138888","3","5847"
"Homo sapiens","hsa_10","hsa-mir-199a-2","MI0000281","chr1","-","172144535","172144644","3","5847"
"Homo sapiens","hsa_38","hsa-mir-1179","MI0006272","chr15","+","88608107","88608197","3","3818"
"Homo sapiens","hsa_38","hsa-mir-7-2","MI0000264","chr15","+","88611825","88611934","3","3818"
"Homo sapiens","hsa_38","hsa-mir-3529","MI0017351","chr15","-","88611847","88611924","3","3818"
"Homo sapiens","hsa_41","hsa-mir-3677","MI0016078","chr16","+","2270713","2270772","3","3979"
"Homo sapiens","hsa_41","hsa-mir-940","MI0005762","chr16","+","2271747","2271840","3","3979"
"Homo sapiens","hsa_41","hsa-mir-4717","MI0017352","chr16","+","2274620","2274691","3","3979"
"Homo sapiens","hsa_43","hsa-mir-3179-1","MI0014213","chr16","+","14901508","14901591","3","9806"
"Homo sapiens","hsa_43","hsa-mir-3670-1","MI0016071","chr16","+","14907717","14907781","3","9806"
"Homo sapiens","hsa_43","hsa-mir-3180-1","MI0014214","chr16","+","14911220","14911313","3","9806"
"Homo sapiens","hsa_45","hsa-mir-3179-2","MI0014216","chr16","+","16300159","16300242","3","9808"
"Homo sapiens","hsa_45","hsa-mir-3670-2","MI0019112","chr16","+","16306370","16306434","3","9808"
"Homo sapiens","hsa_45","hsa-mir-3180-2","MI0014215","chr16","+","16309879","16309966","3","9808"
"Homo sapiens","hsa_47","hsa-mir-3180-3","MI0014217","chr16","-","18402178","18402271","3","9800"
"Homo sapiens","hsa_47","hsa-mir-3670-3","MI0031513","chr16","-","18405698","18405762","3","9800"
"Homo sapiens","hsa_47","hsa-mir-3179-3","MI0014221","chr16","-","18411894","18411977","3","9800"
"Homo sapiens","hsa_68","hsa-mir-24-2","MI0000081","chr19","-","13836287","13836359","3","373"
"Homo sapiens","hsa_68","hsa-mir-27a","MI0000085","chr19","-","13836440","13836517","3","373"
"Homo sapiens","hsa_68","hsa-mir-23a","MI0000079","chr19","-","13836587","13836659","3","373"
"Homo sapiens","hsa_72","hsa-mir-99b","MI0000746","chr19","+","51692612","51692681","3","728"
"Homo sapiens","hsa_72","hsa-let-7e","MI0000066","chr19","+","51692786","51692864","3","728"
"Homo sapiens","hsa_72","hsa-mir-125a","MI0000469","chr19","+","51693254","51693339","3","728"
"Homo sapiens","hsa_75","hsa-mir-6804","MI0022649","chr19","-","55230885","55230952","3","14366"
"Homo sapiens","hsa_75","hsa-mir-6802","MI0022647","chr19","-","55239912","55239976","3","14366"
"Homo sapiens","hsa_75","hsa-mir-6803","MI0022648","chr19","-","55245186","55245250","3","14366"
"Homo sapiens","hsa_87","hsa-mir-6724-1","MI0022559","chr21","+","8205315","8205406","3","3590"
"Homo sapiens","hsa_87","hsa-mir-3648-1","MI0016048","chr21","+","8208473","8208652","3","3590"
"Homo sapiens","hsa_87","hsa-mir-3687-1","MI0016088","chr21","+","8208844","8208904","3","3590"
"Homo sapiens","hsa_95","hsa-let-7a-3","MI0000062","chr22","+","46112749","46112822","3","1020"
"Homo sapiens","hsa_95","hsa-mir-4763","MI0017404","chr22","+","46113566","46113657","3","1020"
"Homo sapiens","hsa_95","hsa-let-7b","MI0000063","chr22","+","46113686","46113768","3","1020"
"Homo sapiens","hsa_101","hsa-mir-449a","MI0001648","chr5","-","55170532","55170622","3","1822"
"Homo sapiens","hsa_101","hsa-mir-449b","MI0003673","chr5","-","55170646","55170742","3","1822"
"Homo sapiens","hsa_101","hsa-mir-449c","MI0003823","chr5","-","55172262","55172353","3","1822"
"Homo sapiens","hsa_113","hsa-mir-25","MI0000082","chr7","-","100093560","100093643","3","515"
"Homo sapiens","hsa_113","hsa-mir-93","MI0000095","chr7","-","100093768","100093847","3","515"
"Homo sapiens","hsa_113","hsa-mir-106b","MI0000734","chr7","-","100093993","100094074","3","515"
"Homo sapiens","hsa_115","hsa-mir-182","MI0000272","chr7","-","129770383","129770492","3","4632"
"Homo sapiens","hsa_115","hsa-mir-96","MI0000098","chr7","-","129774692","129774769","3","4632"
"Homo sapiens","hsa_115","hsa-mir-183","MI0000273","chr7","-","129774905","129775014","3","4632"
"Homo sapiens","hsa_118","hsa-mir-5692a-2","MI0019298","chr8","+","12719132","12719190","3","8168"
"Homo sapiens","hsa_118","hsa-mir-3926-1","MI0016434","chr8","-","12727232","12727304","3","8168"
"Homo sapiens","hsa_118","hsa-mir-3926-2","MI0016437","chr8","+","12727237","12727299","3","8168"
"Homo sapiens","hsa_127","hsa-mir-939","MI0005761","chr8","-","144394149","144394230","3","6197"
"Homo sapiens","hsa_127","hsa-mir-1234","MI0006324","chr8","-","144400086","144400165","3","6197"
"Homo sapiens","hsa_127","hsa-mir-6849","MI0022695","chr8","-","144400277","144400345","3","6197"
"Homo sapiens","hsa_129","hsa-let-7a-1","MI0000060","chr9","+","94175957","94176036","3","2964"
"Homo sapiens","hsa_129","hsa-let-7f-1","MI0000067","chr9","+","94176347","94176433","3","2964"
"Homo sapiens","hsa_129","hsa-let-7d","MI0000065","chr9","+","94178834","94178920","3","2964"
"Homo sapiens","hsa_141","hsa-mir-421","MI0003685","chrX","-","74218377","74218461","3","242"
"Homo sapiens","hsa_141","hsa-mir-374b","MI0005566","chrX","-","74218547","74218618","3","242"
"Homo sapiens","hsa_141","hsa-mir-374c","MI0016684","chrX","+","74218549","74218618","3","242"
"Homo sapiens","hsa_152","hsa-mir-105-1","MI0000111","chrX","-","152392219","152392299","3","2274"
"Homo sapiens","hsa_152","hsa-mir-767","MI0003763","chrX","-","152393421","152393529","3","2274"
"Homo sapiens","hsa_152","hsa-mir-105-2","MI0000112","chrX","-","152394412","152394492","3","2274"
"Homo sapiens","hsa_20","hsa-mir-192","MI0000234","chr11","-","64891137","64891246","4","11319"
"Homo sapiens","hsa_20","hsa-mir-194-2","MI0000732","chr11","-","64891355","64891439","4","11319"
"Homo sapiens","hsa_20","hsa-mir-6750","MI0022595","chr11","-","64898363","64898437","4","11319"
"Homo sapiens","hsa_20","hsa-mir-6749","MI0022594","chr11","-","64902387","64902455","4","11319"
"Homo sapiens","hsa_36","hsa-mir-4539","MI0016910","chr14","-","105857513","105857572","4","2041"
"Homo sapiens","hsa_36","hsa-mir-4507","MI0016871","chr14","-","105858124","105858175","4","2041"
"Homo sapiens","hsa_36","hsa-mir-4538","MI0016909","chr14","-","105858165","105858242","4","2041"
"Homo sapiens","hsa_36","hsa-mir-4537","MI0016908","chr14","-","105859484","105859553","4","2041"
"Homo sapiens","hsa_54","hsa-mir-451a","MI0001729","chr17","-","28861369","28861440","4","362"
"Homo sapiens","hsa_54","hsa-mir-451b","MI0017360","chr17","+","28861371","28861438","4","362"
"Homo sapiens","hsa_54","hsa-mir-144","MI0000460","chr17","-","28861533","28861618","4","362"
"Homo sapiens","hsa_54","hsa-mir-4732","MI0017369","chr17","-","28861655","28861730","4","362"
"Homo sapiens","hsa_61","hsa-mir-657","MI0003681","chr17","-","81125276","81125373","4","8033"
"Homo sapiens","hsa_61","hsa-mir-3065","MI0014228","chr17","+","81125877","81125955","4","8033"
"Homo sapiens","hsa_61","hsa-mir-338","MI0000814","chr17","-","81125883","81125949","4","8033"
"Homo sapiens","hsa_61","hsa-mir-1250","MI0006385","chr17","-","81133196","81133308","4","8033"
"Homo sapiens","hsa_74","hsa-mir-371a","MI0000779","chr19","+","53787675","53787741","4","1099"
"Homo sapiens","hsa_74","hsa-mir-371b","MI0017393","chr19","-","53787677","53787742","4","1099"
"Homo sapiens","hsa_74","hsa-mir-372","MI0000780","chr19","+","53787890","53787956","4","1099"
"Homo sapiens","hsa_74","hsa-mir-373","MI0000781","chr19","+","53788705","53788773","4","1099"
"Homo sapiens","hsa_130","hsa-mir-23b","MI0000439","chr9","+","95085208","95085304","4","881"
"Homo sapiens","hsa_130","hsa-mir-27b","MI0000440","chr9","+","95085445","95085541","4","881"
"Homo sapiens","hsa_130","hsa-mir-3074","MI0014181","chr9","-","95086014","95086094","4","881"
"Homo sapiens","hsa_130","hsa-mir-24-1","MI0000080","chr9","+","95086021","95086088","4","881"
"Homo sapiens","hsa_148","hsa-mir-513a-2","MI0003192","chrX","-","147225826","147225952","4","11202"
"Homo sapiens","hsa_148","hsa-mir-506","MI0003193","chrX","-","147230720","147230843","4","11202"
"Homo sapiens","hsa_148","hsa-mir-507","MI0003194","chrX","-","147230984","147231077","4","11202"
"Homo sapiens","hsa_148","hsa-mir-508","MI0003195","chrX","-","147236913","147237027","4","11202"
"Homo sapiens","hsa_149","hsa-mir-514b","MI0014251","chrX","-","147250151","147250230","4","10475"
"Homo sapiens","hsa_149","hsa-mir-509-2","MI0005530","chrX","-","147258760","147258850","4","10475"
"Homo sapiens","hsa_149","hsa-mir-509-3","MI0005717","chrX","-","147259652","147259726","4","10475"
"Homo sapiens","hsa_149","hsa-mir-509-1","MI0003196","chrX","-","147260532","147260625","4","10475"
"Homo sapiens","hsa_150","hsa-mir-510","MI0003197","chrX","-","147272335","147272408","4","12394"
"Homo sapiens","hsa_150","hsa-mir-514a-1","MI0003198","chrX","-","147279247","147279344","4","12394"
"Homo sapiens","hsa_150","hsa-mir-514a-2","MI0003199","chrX","-","147281943","147282030","4","12394"
"Homo sapiens","hsa_150","hsa-mir-514a-3","MI0003200","chrX","-","147284641","147284728","4","12394"
"Homo sapiens","hsa_85","hsa-mir-941-1","MI0005763","chr20","+","63919449","63919520","5","491"
"Homo sapiens","hsa_85","hsa-mir-941-2","MI0005764","chr20","+","63919505","63919576","5","491"
"Homo sapiens","hsa_85","hsa-mir-941-3","MI0005765","chr20","+","63919561","63919632","5","491"
"Homo sapiens","hsa_85","hsa-mir-941-4","MI0005766","chr20","+","63919756","63919827","5","491"
"Homo sapiens","hsa_85","hsa-mir-941-5","MI0031520","chr20","+","63919868","63919939","5","491"
"Homo sapiens","hsa_99","hsa-mir-367","MI0000775","chr4","-","112647874","112647941","5","684"
"Homo sapiens","hsa_99","hsa-mir-302d","MI0000774","chr4","-","112648004","112648071","5","684"
"Homo sapiens","hsa_99","hsa-mir-302a","MI0000738","chr4","-","112648183","112648251","5","684"
"Homo sapiens","hsa_99","hsa-mir-302c","MI0000773","chr4","-","112648363","112648430","5","684"
"Homo sapiens","hsa_99","hsa-mir-302b","MI0000772","chr4","-","112648485","112648557","5","684"
"Homo sapiens","hsa_31","hsa-mir-17","MI0000071","chr13","+","91350605","91350688","6","787"
"Homo sapiens","hsa_31","hsa-mir-18a","MI0000072","chr13","+","91350751","91350821","6","787"
"Homo sapiens","hsa_31","hsa-mir-19a","MI0000073","chr13","+","91350891","91350972","6","787"
"Homo sapiens","hsa_31","hsa-mir-20a","MI0000076","chr13","+","91351065","91351135","6","787"
"Homo sapiens","hsa_31","hsa-mir-19b-1","MI0000074","chr13","+","91351192","91351278","6","787"
"Homo sapiens","hsa_31","hsa-mir-92a-1","MI0000093","chr13","+","91351314","91351391","6","787"
"Homo sapiens","hsa_144","hsa-mir-363","MI0000764","chrX","-","134169378","134169452","6","901"
"Homo sapiens","hsa_144","hsa-mir-92a-2","MI0000094","chrX","-","134169538","134169612","6","901"
"Homo sapiens","hsa_144","hsa-mir-19b-2","MI0000075","chrX","-","134169671","134169766","6","901"
"Homo sapiens","hsa_144","hsa-mir-20b","MI0001519","chrX","-","134169809","134169877","6","901"
"Homo sapiens","hsa_144","hsa-mir-18b","MI0001518","chrX","-","134170041","134170111","6","901"
"Homo sapiens","hsa_144","hsa-mir-106a","MI0000113","chrX","-","134170198","134170278","6","901"
"Homo sapiens","hsa_145","hsa-mir-450b","MI0005531","chrX","-","134540185","134540262","6","6527"
"Homo sapiens","hsa_145","hsa-mir-450a-1","MI0001652","chrX","-","134540341","134540431","6","6527"
"Homo sapiens","hsa_145","hsa-mir-450a-2","MI0003187","chrX","-","134540508","134540607","6","6527"
"Homo sapiens","hsa_145","hsa-mir-542","MI0003686","chrX","-","134541341","134541437","6","6527"
"Homo sapiens","hsa_145","hsa-mir-503","MI0003188","chrX","-","134546328","134546398","6","6527"
"Homo sapiens","hsa_145","hsa-mir-424","MI0001446","chrX","-","134546614","134546711","6","6527"
"Homo sapiens","hsa_146","hsa-mir-892c","MI0022560","chrX","-","145992750","145992826","6","8382"
"Homo sapiens","hsa_146","hsa-mir-890","MI0005533","chrX","-","145994275","145994351","6","8382"
"Homo sapiens","hsa_146","hsa-mir-888","MI0005537","chrX","-","145994784","145994860","6","8382"
"Homo sapiens","hsa_146","hsa-mir-892a","MI0005528","chrX","-","145996669","145996743","6","8382"
"Homo sapiens","hsa_146","hsa-mir-892b","MI0005538","chrX","-","145997198","145997274","6","8382"
"Homo sapiens","hsa_146","hsa-mir-891b","MI0005534","chrX","-","146001053","146001131","6","8382"
"Homo sapiens","hsa_135","hsa-mir-3689c","MI0016832","chr9","-","134849298","134849369","7","1510"
"Homo sapiens","hsa_135","hsa-mir-3689a","MI0016090","chr9","-","134849487","134849564","7","1510"
"Homo sapiens","hsa_135","hsa-mir-3689d-1","MI0016834","chr9","-","134849609","134849682","7","1510"
"Homo sapiens","hsa_135","hsa-mir-3689b","MI0016411","chr9","-","134850125","134850272","7","1510"
"Homo sapiens","hsa_135","hsa-mir-3689d-2","MI0016835","chr9","-","134850277","134850356","7","1510"
"Homo sapiens","hsa_135","hsa-mir-3689e","MI0016836","chr9","-","134850570","134850641","7","1510"
"Homo sapiens","hsa_135","hsa-mir-3689f","MI0016837","chr9","-","134850742","134850807","7","1510"
"Homo sapiens","hsa_33","hsa-mir-493","MI0003132","chr14","+","100869060","100869148","8","15724"
"Homo sapiens","hsa_33","hsa-mir-337","MI0000806","chr14","+","100874493","100874585","8","15724"
"Homo sapiens","hsa_33","hsa-mir-665","MI0005563","chr14","+","100875033","100875104","8","15724"
"Homo sapiens","hsa_33","hsa-mir-431","MI0001721","chr14","+","100881007","100881120","8","15724"
"Homo sapiens","hsa_33","hsa-mir-433","MI0001723","chr14","+","100881886","100881978","8","15724"
"Homo sapiens","hsa_33","hsa-mir-127","MI0000472","chr14","+","100882979","100883075","8","15724"
"Homo sapiens","hsa_33","hsa-mir-432","MI0003133","chr14","+","100884483","100884576","8","15724"
"Homo sapiens","hsa_33","hsa-mir-136","MI0000475","chr14","+","100884702","100884783","8","15724"
"Homo sapiens","hsa_137","hsa-mir-532","MI0003205","chrX","+","50003148","50003238","8","11536"
"Homo sapiens","hsa_137","hsa-mir-188","MI0000484","chrX","+","50003503","50003588","8","11536"
"Homo sapiens","hsa_137","hsa-mir-500a","MI0003184","chrX","+","50008431","50008514","8","11536"
"Homo sapiens","hsa_137","hsa-mir-362","MI0000762","chrX","+","50008964","50009028","8","11536"
"Homo sapiens","hsa_137","hsa-mir-501","MI0003185","chrX","+","50009722","50009805","8","11536"
"Homo sapiens","hsa_137","hsa-mir-500b","MI0015903","chrX","+","50010672","50010750","8","11536"
"Homo sapiens","hsa_137","hsa-mir-660","MI0003684","chrX","+","50013241","50013337","8","11536"
"Homo sapiens","hsa_137","hsa-mir-502","MI0003186","chrX","+","50014598","50014683","8","11536"
"Homo sapiens","hsa_34","hsa-mir-379","MI0000787","chr14","+","101022066","101022132","42","44736"
"Homo sapiens","hsa_34","hsa-mir-411","MI0003675","chr14","+","101023325","101023420","42","44736"
"Homo sapiens","hsa_34","hsa-mir-299","MI0000744","chr14","+","101023794","101023856","42","44736"
"Homo sapiens","hsa_34","hsa-mir-380","MI0000788","chr14","+","101025017","101025077","42","44736"
"Homo sapiens","hsa_34","hsa-mir-1197","MI0006656","chr14","+","101025564","101025651","42","44736"
"Homo sapiens","hsa_34","hsa-mir-323a","MI0000807","chr14","+","101025732","101025817","42","44736"
"Homo sapiens","hsa_34","hsa-mir-758","MI0003757","chr14","+","101026020","101026107","42","44736"
"Homo sapiens","hsa_34","hsa-mir-329-1","MI0001725","chr14","+","101026785","101026864","42","44736"
"Homo sapiens","hsa_34","hsa-mir-329-2","MI0001726","chr14","+","101027100","101027183","42","44736"
"Homo sapiens","hsa_34","hsa-mir-494","MI0003134","chr14","+","101029634","101029714","42","44736"
"Homo sapiens","hsa_34","hsa-mir-1193","MI0014205","chr14","+","101030052","101030129","42","44736"
"Homo sapiens","hsa_34","hsa-mir-543","MI0005565","chr14","+","101031987","101032064","42","44736"
"Homo sapiens","hsa_34","hsa-mir-495","MI0003135","chr14","+","101033755","101033836","42","44736"
"Homo sapiens","hsa_34","hsa-mir-376c","MI0000776","chr14","+","101039690","101039755","42","44736"
"Homo sapiens","hsa_34","hsa-mir-376a-2","MI0003529","chr14","+","101040069","101040148","42","44736"
"Homo sapiens","hsa_34","hsa-mir-654","MI0003676","chr14","+","101040219","101040299","42","44736"
"Homo sapiens","hsa_34","hsa-mir-376b","MI0002466","chr14","+","101040436","101040535","42","44736"
"Homo sapiens","hsa_34","hsa-mir-376a-1","MI0000784","chr14","+","101040782","101040849","42","44736"
"Homo sapiens","hsa_34","hsa-mir-300","MI0005525","chr14","+","101041363","101041445","42","44736"
"Homo sapiens","hsa_34","hsa-mir-1185-1","MI0003844","chr14","+","101042977","101043062","42","44736"
"Homo sapiens","hsa_34","hsa-mir-1185-2","MI0003821","chr14","+","101044198","101044283","42","44736"
"Homo sapiens","hsa_34","hsa-mir-381","MI0000789","chr14","+","101045920","101045994","42","44736"
"Homo sapiens","hsa_34","hsa-mir-487b","MI0003530","chr14","+","101046455","101046538","42","44736"
"Homo sapiens","hsa_34","hsa-mir-539","MI0003514","chr14","+","101047321","101047398","42","44736"
"Homo sapiens","hsa_34","hsa-mir-889","MI0005540","chr14","+","101047901","101047979","42","44736"
"Homo sapiens","hsa_34","hsa-mir-544a","MI0003515","chr14","+","101048658","101048748","42","44736"
"Homo sapiens","hsa_34","hsa-mir-655","MI0003677","chr14","+","101049550","101049646","42","44736"
"Homo sapiens","hsa_34","hsa-mir-487a","MI0002471","chr14","+","101052446","101052525","42","44736"
"Homo sapiens","hsa_34","hsa-mir-382","MI0000790","chr14","+","101054306","101054381","42","44736"
"Homo sapiens","hsa_34","hsa-mir-134","MI0000474","chr14","+","101054687","101054759","42","44736"
"Homo sapiens","hsa_34","hsa-mir-668","MI0003761","chr14","+","101055258","101055323","42","44736"
"Homo sapiens","hsa_34","hsa-mir-485","MI0002469","chr14","+","101055419","101055491","42","44736"
"Homo sapiens","hsa_34","hsa-mir-323b","MI0014206","chr14","+","101056219","101056300","42","44736"
"Homo sapiens","hsa_34","hsa-mir-154","MI0000480","chr14","+","101059755","101059838","42","44736"
"Homo sapiens","hsa_34","hsa-mir-496","MI0003136","chr14","+","101060573","101060674","42","44736"
"Homo sapiens","hsa_34","hsa-mir-377","MI0000785","chr14","+","101062050","101062118","42","44736"
"Homo sapiens","hsa_34","hsa-mir-541","MI0005539","chr14","+","101064495","101064578","42","44736"
"Homo sapiens","hsa_34","hsa-mir-409","MI0001735","chr14","+","101065300","101065378","42","44736"
"Homo sapiens","hsa_34","hsa-mir-412","MI0002464","chr14","+","101065447","101065537","42","44736"
"Homo sapiens","hsa_34","hsa-mir-369","MI0000777","chr14","+","101065598","101065667","42","44736"
"Homo sapiens","hsa_34","hsa-mir-410","MI0002465","chr14","+","101065912","101065991","42","44736"
"Homo sapiens","hsa_34","hsa-mir-656","MI0003678","chr14","+","101066724","101066801","42","44736"
"Homo sapiens","hsa_73","hsa-mir-512-1","MI0003140","chr19","+","53666679","53666762","46","95752"
"Homo sapiens","hsa_73","hsa-mir-512-2","MI0003141","chr19","+","53669157","53669254","46","95752"
"Homo sapiens","hsa_73","hsa-mir-1323","MI0003786","chr19","+","53671968","53672040","46","95752"
"Homo sapiens","hsa_73","hsa-mir-498","MI0003142","chr19","+","53674197","53674320","46","95752"
"Homo sapiens","hsa_73","hsa-mir-520e","MI0003143","chr19","+","53675711","53675797","46","95752"
"Homo sapiens","hsa_73","hsa-mir-515-1","MI0003144","chr19","+","53679003","53679085","46","95752"
"Homo sapiens","hsa_73","hsa-mir-519e","MI0003145","chr19","+","53679940","53680023","46","95752"
"Homo sapiens","hsa_73","hsa-mir-520f","MI0003146","chr19","+","53682159","53682245","46","95752"
"Homo sapiens","hsa_73","hsa-mir-515-2","MI0003147","chr19","+","53685009","53685091","46","95752"
"Homo sapiens","hsa_73","hsa-mir-519c","MI0003148","chr19","+","53686469","53686555","46","95752"
"Homo sapiens","hsa_73","hsa-mir-1283-1","MI0003832","chr19","+","53688481","53688567","46","95752"
"Homo sapiens","hsa_73","hsa-mir-520a","MI0003149","chr19","+","53690881","53690965","46","95752"
"Homo sapiens","hsa_73","hsa-mir-526b","MI0003150","chr19","+","53694393","53694475","46","95752"
"Homo sapiens","hsa_73","hsa-mir-519b","MI0003151","chr19","+","53695213","53695293","46","95752"
"Homo sapiens","hsa_73","hsa-mir-525","MI0003152","chr19","+","53697533","53697617","46","95752"
"Homo sapiens","hsa_73","hsa-mir-523","MI0003153","chr19","+","53698385","53698471","46","95752"
"Homo sapiens","hsa_73","hsa-mir-518f","MI0003154","chr19","+","53700015","53700101","46","95752"
"Homo sapiens","hsa_73","hsa-mir-520b","MI0003155","chr19","+","53701227","53701287","46","95752"
"Homo sapiens","hsa_73","hsa-mir-518b","MI0003156","chr19","+","53702737","53702819","46","95752"
"Homo sapiens","hsa_73","hsa-mir-526a-1","MI0003157","chr19","+","53706252","53706336","46","95752"
"Homo sapiens","hsa_73","hsa-mir-520c","MI0003158","chr19","+","53707453","53707539","46","95752"
"Homo sapiens","hsa_73","hsa-mir-518c","MI0003159","chr19","+","53708735","53708835","46","95752"
"Homo sapiens","hsa_73","hsa-mir-524","MI0003160","chr19","+","53711002","53711088","46","95752"
"Homo sapiens","hsa_73","hsa-mir-517a","MI0003161","chr19","+","53712268","53712354","46","95752"
"Homo sapiens","hsa_73","hsa-mir-519d","MI0003162","chr19","+","53713347","53713434","46","95752"
"Homo sapiens","hsa_73","hsa-mir-521-2","MI0003163","chr19","+","53716594","53716680","46","95752"
"Homo sapiens","hsa_73","hsa-mir-520d","MI0003164","chr19","+","53720096","53720182","46","95752"
"Homo sapiens","hsa_73","hsa-mir-517b","MI0003165","chr19","+","53721076","53721142","46","95752"
"Homo sapiens","hsa_73","hsa-mir-520g","MI0003166","chr19","+","53722166","53722255","46","95752"
"Homo sapiens","hsa_73","hsa-mir-516b-2","MI0003167","chr19","+","53725442","53725526","46","95752"
"Homo sapiens","hsa_73","hsa-mir-526a-2","MI0003168","chr19","+","53726922","53726986","46","95752"
"Homo sapiens","hsa_73","hsa-mir-518e","MI0003169","chr19","+","53729838","53729925","46","95752"
"Homo sapiens","hsa_73","hsa-mir-518a-1","MI0003170","chr19","+","53731006","53731090","46","95752"
"Homo sapiens","hsa_73","hsa-mir-518d","MI0003171","chr19","+","53734877","53734963","46","95752"
"Homo sapiens","hsa_73","hsa-mir-516b-1","MI0003172","chr19","+","53736845","53736934","46","95752"
"Homo sapiens","hsa_73","hsa-mir-518a-2","MI0003173","chr19","+","53739333","53739419","46","95752"
"Homo sapiens","hsa_73","hsa-mir-517c","MI0003174","chr19","+","53741313","53741407","46","95752"
"Homo sapiens","hsa_73","hsa-mir-520h","MI0003175","chr19","+","53742512","53742599","46","95752"
"Homo sapiens","hsa_73","hsa-mir-521-1","MI0003176","chr19","+","53748636","53748722","46","95752"
"Homo sapiens","hsa_73","hsa-mir-522","MI0003177","chr19","+","53751211","53751297","46","95752"
"Homo sapiens","hsa_73","hsa-mir-519a-1","MI0003178","chr19","+","53752397","53752481","46","95752"
"Homo sapiens","hsa_73","hsa-mir-527","MI0003179","chr19","+","53754018","53754102","46","95752"
"Homo sapiens","hsa_73","hsa-mir-516a-1","MI0003180","chr19","+","53756741","53756830","46","95752"
"Homo sapiens","hsa_73","hsa-mir-1283-2","MI0006430","chr19","+","53758232","53758318","46","95752"
"Homo sapiens","hsa_73","hsa-mir-516a-2","MI0003181","chr19","+","53761133","53761222","46","95752"
"Homo sapiens","hsa_73","hsa-mir-519a-2","MI0003182","chr19","+","53762344","53762430","46","95752"